usuario_id,fecha_registro,region,comuna,canal_captacion,email_valido,acepta_marketing,edad
U103808,2023-04-19,COQUIMBO,Antofagasta,organico,true,,40
U103458,2022-05-03,Valparaiso,Iquique,organico,false,,0
U103013,10/01/2022,Biobío,Temuco,pagado,,0,48
U100649,2025-06-04,Antofagasta,La Florida,organico,false,1,65
U102490,2024-12-07,metropolitana,Maipú,UNKNOWN,true,1,66
U102596,2021-02-25,Los Lagos,San Miguel,organico,true,0,20
U101710,23/01/2019,maule,Las Condes,pagado,true,,64
U102038,2025-12-30,O'Higgins,Santiago,directo,true,0,64
U101135,2024-12-16,Biobio,Antofagasta,email,true,,28
U102929,2020-03-07,Maule,Concepción,email,true,0,35
U102477,2020-09-12,Biobio,Ñuñoa,directo,true,0,27
U103682,17/05/2021,Tarapacá,Rancagua,email,true,0,22
U102714,01-09-2024,Valparaíso,Concepción,organico,,0,53
U103361,2023-12-09,maule,La Florida,organico,true,0,36
U102208,26-12-2021,Coquimbo,Talca,directo,true,0,18
U100473,2020-01-15,Valparaiso,Las Condes,organico,true,1,55
U103438,22/04/2021,COQUIMBO,Antofagasta,pagado,false,0,58
U102218,2022-04-12,Los Lagos,Rancagua,directo,true,1,
U103778,2022-01-21,Maule,San Miguel,pagado,true,0,24
U103403,2025-03-29,Antofagasta,Providencia,referido,true,1,37
U102700,2020-05-30,Maule,Rancagua,organico,true,,
U101938,14/07/2024,Antofagasta,Concepción,directo,true,,31
U102452,2021-07-19,Libertador B. O'Higgins,Iquique,pagado,true,1,54
U101533,2024-12-05,Metropolitana,Puente Alto,referido,,1,65
U103067,01/03/2020,Los Lagos,Viña del Mar,organico,true,1,74
U102595,2024-02-05,Bio-Bio,Las Condes,organico,true,1,50
U100160,28/03/2026,Región Metropolitana,San Miguel,,true,,67
U101918,2022-12-27,Metropolitana,Iquique,pagado,false,,46
U101958,2019-05-26,los lagos,San Miguel,organico,true,0,0
U100326,2023-05-04,COQUIMBO,Quilpué,pagado,true,0,56
U103115,2025-01-14,RM,Maipú,referido,true,1,61
U100902,19/12/2022,Los Lagos,Santiago,organico,true,0,46
U103542,30/12/2024,Biobio,Puente Alto,UNKNOWN,true,0,32
U100872,2023-10-22,Valparaiso,Talca,organico,,,59
U101197,03/11/2021,Metropolitana,La Florida,pagado,true,1,70
U100802,20/03/2022,O'Higgins,Antofagasta,organico,true,0,49
U100906,2020-12-01,Araucanía,Talca,directo,true,0,61
U100407,28-11-2024,Biobío,Iquique,email,true,1,25
U102158,2026-01-10,V region,,pagado,true,0,64
U103153,2024-04-06,Tarapaca,Puente Alto,organico,true,1,0
U103251,2020-01-10,Tarapacá,Providencia,directo,true,1,41
U101319,2024-05-13,COQUIMBO,Talca,organico,true,0,24
U101975,23/12/2019,V region,La Serena,organico,true,,39
U100836,2024-08-01,Tarapaca,Puente Alto,email,true,0,
U100661,2024-05-06,Tarapaca,Iquique,email,true,,39
U101012,2025-11-22,maule,San Miguel,pagado,false,,0
U101742,08/07/2019,LOS LAGOS,Talca,organico,true,1,50
U101555,2022-09-26,metropolitana,Santiago,UNKNOWN,true,0,53
U102117,2023-12-14,antofagasta,La Serena,directo,true,,57
U101753,2021-09-30,los lagos,,referido,true,1,39
U103653,2021-10-13,R. Metropolitana,Concepción,pagado,true,0,33
U102188,2021-02-13,Ohiggins,Viña del Mar,email,true,1,59
U102121,2020-01-01,Metropolitana,La Serena,referido,true,0,70
U100320,2021-08-07,Los Lagos,San Miguel,organico,true,1,0
U103042,2023-02-06,Valparaiso,Puente Alto,directo,true,1,71
U100214,30/01/2026,Ohiggins,Ñuñoa,directo,true,0,22
U102211,2026-02-18,V region,Rancagua,pagado,true,,41
U102496,2020-07-29,Biobio,Talca,UNKNOWN,true,1,65
U103414,2021-09-25,Los Lagos,Ñuñoa,email,,0,74
U100911,01-01-2020,los lagos,Antofagasta,organico,true,0,51
U102404,2026-05-13,Tarapaca,La Florida,email,true,0,35
U102118,2026-05-25,Coquimbo,La Serena,pagado,true,0,44
U103136,10/04/2021,Antofagasta,Rancagua,organico,true,1,53
U103444,2020-08-14,O'Higgins,Maipú,pagado,true,1,72
U100266,2026-02-23,Del Maule,,referido,true,1,51
U103193,2026-07-16,Maule,Puente Alto,directo,true,,67
U101436,2019-08-01,los lagos,Concepción,organico,true,1,70
U102125,24/07/2019,BIOBIO,Maipú,organico,true,1,37
U103879,2023-11-20,Maule,Providencia,directo,false,,36
U102743,24-08-2024,LOS LAGOS,Las Condes,email,true,1,19
U101810,2020-12-05,La Araucania,Viña del Mar,organico,true,1,29
U102187,2020-08-13,La Araucania,Iquique,organico,true,,69
U100935,2025-08-28,Coquimbo,Ñuñoa,referido,true,1,-3
U100069,2021-07-26,Tarapacá,,organico,false,0,69
U103521,2022-05-04,Los Lagos,La Florida,organico,true,0,37
U103480,2019-12-07,Tarapaca,Rancagua,email,true,1,26
U102642,2024-02-04,La Araucania,Las Condes,referido,true,1,63
U102974,2023-12-08,COQUIMBO,Temuco,pagado,true,1,24
U102742,2022-08-05,Tarapaca,Rancagua,pagado,true,,22
U100382,2020-02-10,Ohiggins,Las Condes,organico,false,1,68
U103951,2026-05-15,antofagasta,Talca,directo,true,1,33
U100085,2020-06-06,Bío Bío,Quilpué,pagado,true,0,37
U103507,2024-03-15,Valparaiso,Talca,pagado,true,1,42
U101757,2019-11-14,Tarapacá,Puerto Montt,directo,true,0,56
U103187,2019-04-30,R. Metropolitana,Concepción,pagado,true,1,42
U101999,13/05/2023,BIOBIO,Viña del Mar,referido,true,,22
U100571,2026-10-30,O'Higgins,Puerto Montt,pagado,true,,27
U101288,2024-04-18,Del Maule,Antofagasta,directo,true,,23
U103628,2025-12-09,LOS LAGOS,Puerto Montt,pagado,false,1,63
U102459,2020-07-23,Coquimbo,Maipú,pagado,true,0,41
U102855,2023-08-15,BIOBIO,Providencia,email,true,1,18
U103848,2023-07-05,VALPARAISO,Viña del Mar,organico,true,1,46
U101505,2019-08-03,COQUIMBO,Quilpué,directo,true,,46
U100707,2027-06-19,Ohiggins,San Miguel,directo,true,0,18
U101605,2020-09-30,Metropolitana,,pagado,true,0,43
U103033,18/06/2023,Ohiggins,La Serena,pagado,,1,59
U101976,2024-03-08,LOS LAGOS,Ñuñoa,organico,true,,47
U103191,2023-09-19,maule,Iquique,pagado,true,,73
U102305,2022-12-29,BIOBIO,Talca,pagado,true,,72
U101698,2024-02-18,Bio-Bio,Antofagasta,organico,true,1,69
U100408,2026-06-05,Coquimbo,Concepción,organico,true,0,50
U102234,2019-08-22,O'Higgins,Santiago,organico,true,1,43
U100771,2019-01-15,COQUIMBO,Puente Alto,email,true,0,60
U101395,12-05-2023,Tarapacá,Viña del Mar,UNKNOWN,true,0,29
U101882,19-04-2019,Valparaíso,La Serena,referido,true,0,54
U102321,2020-10-05,Araucania,Iquique,referido,true,0,66
U102646,2021-04-25,Tarapaca,San Miguel,organico,true,1,39
U103581,2021-06-01,Biobio,Concepción,pagado,true,1,24
U100058,2026-02-04,maule,Temuco,,true,0,19
U102476,10/05/2025,Tarapaca,Iquique,pagado,false,1,73
U101269,2025-04-18,La Araucania,Temuco,directo,true,,19
U102194,2023-12-29,Valparaiso,Antofagasta,directo,true,1,34
U100928,2022-07-21,Araucanía,Quilpué,referido,false,,40
U101258,2021-11-27,Maule,Providencia,pagado,true,1,41
U102647,04-04-2025,VALPARAISO,Viña del Mar,organico,true,1,999
U103864,19/06/2025,COQUIMBO,Maipú,organico,true,0,72
U100222,2022-12-20,Antofagasta,Quilpué,pagado,true,1,73
U100722,2021-08-30,Metropolitana,Rancagua,referido,true,,71
U101837,2025-03-12,LOS LAGOS,Santiago,directo,true,1,41
U100582,2025-02-20,V region,Antofagasta,directo,false,0,23
U101464,20/03/2019,Maule,Puente Alto,pagado,false,1,74
U100019,2023-12-14,Tarapacá,Temuco,pagado,true,0,21
U102779,21/01/2026,Libertador B. O'Higgins,Puente Alto,email,true,1,999
U102095,08/12/2025,VALPARAISO,Talca,,,1,42
U103092,2026-01-02,Región Metropolitana,,email,true,0,-10
U101563,2026-06-13,Libertador B. O'Higgins,Iquique,email,true,1,66
U101661,2020-02-17,Araucanía,Talca,organico,true,1,61
U102989,2023-08-09,Tarapaca,Temuco,email,,0,20
U100389,2026-05-01,Araucania,Providencia,organico,true,,35
U101056,09/06/2023,La Araucania,Antofagasta,pagado,true,,33
U102681,04-04-2022,LOS LAGOS,Iquique,pagado,true,,
U100258,31/07/2019,Biobío,Las Condes,organico,true,1,72
U103185,2019-09-29,Metropolitana,Temuco,organico,true,,23
U101771,2023-08-31,Biobio,Viña del Mar,UNKNOWN,true,1,33
U103830,2020-08-03,Valparaiso,Antofagasta,organico,true,0,55
U103445,2019-01-01,maule,Concepción,pagado,true,0,39
U103104,2026-07-19,La Araucania,La Serena,directo,true,0,57
U102775,29/04/2024,O'Higgins,Ñuñoa,pagado,true,1,64
U102894,2022-05-15,RM,Temuco,directo,true,1,63
U103117,2019-12-28,Maule,Talca,referido,,1,27
U103369,2024-04-27,Araucania,,directo,,1,37
U100575,2023-01-04,Araucanía,Maipú,pagado,true,1,53
U103636,2025-06-02,antofagasta,La Serena,pagado,true,0,62
U101411,11-01-2019,RM,Las Condes,directo,true,1,45
U103917,2019-01-03,Coquimbo,Rancagua,pagado,true,0,69
U103226,2024-12-28,Tarapacá,San Miguel,organico,,1,32
U101210,2023-11-05,Araucanía,,pagado,true,1,65
U101843,06-06-2025,Coquimbo,Viña del Mar,email,true,1,72
U103225,2023-08-13,Biobío,Providencia,organico,true,0,57
U103492,2023-01-29,Araucanía,Santiago,directo,true,1,59
U100503,17/08/2021,LOS LAGOS,La Serena,pagado,true,1,29
U102786,2024-08-27,VALPARAISO,Viña del Mar,organico,true,1,41
U102265,04/07/2022,antofagasta,Puerto Montt,organico,true,1,28
U101743,2026-04-26,Araucania,Ñuñoa,email,true,1,32
U103765,2022-08-10,Libertador B. O'Higgins,,directo,true,1,35
U101252,2019-05-28,COQUIMBO,Temuco,organico,true,0,59
U100657,2020-08-28,los lagos,Temuco,referido,true,1,
U101344,2022-05-18,Araucania,Santiago,UNKNOWN,true,1,68
U103868,2019-02-17,Coquimbo,,directo,true,1,999
U102498,2025-04-17,La Araucania,Rancagua,referido,true,,67
U103247,2025-09-15,los lagos,Ñuñoa,organico,false,,37
U102353,15-09-2022,Maule,Puente Alto,pagado,true,1,20
U101094,2022-12-25,Los Lagos,Viña del Mar,pagado,true,0,41
U100061,29-03-2022,VALPARAISO,Viña del Mar,directo,true,1,38
U103924,2020-04-28,RM,Rancagua,referido,true,,58
U101216,2021-09-04,Antofagasta,,organico,true,0,55
U101989,20-11-2020,VALPARAISO,Maipú,,false,0,63
U100531,2022-09-28,Coquimbo,Las Condes,organico,true,1,24
U100234,2021-09-28,Libertador B. O'Higgins,Quilpué,organico,true,1,70
U102764,2022-07-30,Biobío,Quilpué,pagado,true,0,66
U100678,11-05-2023,VALPARAISO,San Miguel,directo,true,0,35
U102411,2026-02-26,La Araucania,Maipú,,true,1,60
U100310,2022-06-20,antofagasta,Ñuñoa,organico,true,1,47
U101562,2024-02-23,Metropolitana,Viña del Mar,directo,true,0,37
U101840,2021-12-21,Coquimbo,Maipú,organico,false,1,30
U102807,2019-02-08,antofagasta,Puerto Montt,pagado,true,1,50
U103022,04/08/2022,Region Metropolitana,,pagado,true,0,72
U103766,2024-10-14,Región Metropolitana,Rancagua,pagado,false,0,72
U101761,2025-07-19,Valparaiso,Quilpué,pagado,true,1,73
U101463,2023-03-08,Bío Bío,Temuco,organico,true,0,65
U103473,2022-06-30,O'Higgins,Santiago,email,true,1,63
U103671,11/12/2022,Valparaíso,,pagado,true,1,23
U100136,2023-03-29,Del Maule,Puente Alto,organico,true,0,58
U100200,05-02-2021,Ohiggins,Concepción,organico,true,0,40
U102871,2022-09-02,Coquimbo,,pagado,false,1,28
U103707,2022-01-23,Tarapaca,Maipú,directo,true,,21
U100933,2025-11-30,La Araucania,San Miguel,email,true,1,46
U100036,2021-10-02,Maule,Ñuñoa,,true,1,47
U101142,2024-11-29,Tarapacá,La Florida,,true,1,20
U103925,2019-05-11,La Araucania,San Miguel,organico,true,1,20
U102320,2019-11-02,antofagasta,Providencia,directo,true,0,46
U100648,2023-06-22,R. Metropolitana,Talca,referido,true,0,48
U101950,06-01-2020,los lagos,Rancagua,directo,true,0,52
U102960,21-08-2023,Del Maule,Santiago,directo,false,1,41
U103515,2019-12-02,Ohiggins,La Serena,directo,true,0,0
U102614,2022-01-03,Los Lagos,Viña del Mar,directo,true,1,58
U101870,2026-03-04,Araucanía,La Florida,pagado,true,1,55
U103034,2024-04-26,Valparaiso,Puente Alto,referido,false,1,52
U103184,07/02/2023,Antofagasta,Iquique,directo,true,0,67
U100330,2025-03-17,antofagasta,Talca,directo,true,1,57
U100011,2019-01-02,Biobio,La Serena,referido,,1,66
U101651,2027-01-07,Maule,,pagado,false,1,28
U100847,31-08-2024,Antofagasta,Quilpué,email,true,1,33
U102089,2020-03-04,VALPARAISO,Viña del Mar,pagado,true,1,73
U103050,2019-10-14,Bío Bío,Viña del Mar,,true,0,42
U102171,15/02/2019,Maule,Viña del Mar,organico,true,1,74
U103004,27/10/2023,Tarapaca,San Miguel,pagado,true,0,22
U103524,2020-04-18,LOS LAGOS,Ñuñoa,organico,true,,46
U100096,2022-09-26,COQUIMBO,Providencia,organico,true,1,56
U102295,2024-02-24,Tarapaca,Santiago,directo,true,0,18
U102930,2024-06-17,Tarapacá,Iquique,organico,true,1,29
U102796,2024-12-10,LOS LAGOS,Puente Alto,organico,true,1,49
U101954,2022-07-27,Tarapaca,Maipú,pagado,true,0,35
U102622,10/10/2023,Araucania,Providencia,UNKNOWN,true,1,58
U102228,2025-05-03,Maule,Puente Alto,,false,0,48
U100559,2023-02-21,V region,Temuco,UNKNOWN,true,1,45
U101196,27/01/2020,Maule,Maipú,UNKNOWN,true,1,46
U102207,19/09/2024,Araucanía,,UNKNOWN,true,0,0
U103565,2020-07-21,Coquimbo,San Miguel,directo,true,,56
U102518,2020-04-08,los lagos,Quilpué,UNKNOWN,true,1,27
U100596,16-09-2019,Tarapacá,Rancagua,pagado,true,1,66
U103025,2026-04-22,Araucania,Quilpué,email,false,1,62
U100212,23/05/2023,Los Lagos,Maipú,email,true,0,18
U100031,01-01-2026,Araucanía,Viña del Mar,pagado,,,40
U102072,2024-10-10,Región Metropolitana,Iquique,,,0,45
U101304,2023-09-11,Metropolitana,La Florida,organico,,0,49
U101354,2021-04-15,Tarapacá,Puerto Montt,pagado,true,,18
U101619,2026-03-16,Araucanía,Ñuñoa,directo,true,,22
U100060,2019-09-19,Coquimbo,Puente Alto,pagado,true,0,72
U102863,2019-05-15,Tarapaca,Rancagua,email,true,,52
U102098,2026-04-20,antofagasta,Santiago,organico,true,1,60
U101240,28-04-2021,los lagos,Santiago,pagado,true,1,22
U103073,2025-07-22,Biobío,Rancagua,pagado,,1,29
U101656,23-04-2019,R. Metropolitana,Santiago,organico,true,,20
U102222,2019-12-09,COQUIMBO,Santiago,pagado,,1,45
U101289,2020-08-28,Bio-Bio,Rancagua,organico,true,1,46
U100116,26/09/2020,antofagasta,Iquique,pagado,,1,-1
U102591,2020-01-18,Antofagasta,Maipú,organico,true,1,72
U102628,2019-05-22,BIOBIO,Quilpué,pagado,true,,51
U100124,2021-02-17,Del Maule,Rancagua,organico,true,1,69
U103703,18-02-2019,Tarapaca,Rancagua,organico,true,0,57
U103576,2024-05-26,Tarapacá,Las Condes,pagado,false,1,29
U102874,15/06/2025,R. Metropolitana,Rancagua,organico,false,1,44
U102302,2021-09-21,Tarapaca,Puerto Montt,referido,true,0,41
U101281,2021-09-11,Los Lagos,Temuco,directo,true,1,53
U103182,2023-05-18,Bio-Bio,Santiago,directo,true,0,65
U100441,2023-01-09,Los Lagos,Ñuñoa,directo,true,,69
U103774,2023-06-18,LOS LAGOS,Ñuñoa,pagado,true,1,29
U101663,2024-04-24,Biobío,San Miguel,organico,true,1,44
U101695,2021-01-11,COQUIMBO,Talca,organico,true,1,
U101162,2023-08-21,Libertador B. O'Higgins,Las Condes,organico,true,1,42
U103763,07-02-2019,Tarapaca,Quilpué,referido,false,1,38
U100934,2023-01-30,Ohiggins,La Serena,directo,true,1,44
U100634,2020-08-30,Coquimbo,Ñuñoa,pagado,true,1,46
U103825,19-09-2025,O'Higgins,Concepción,email,true,1,48
U102068,2025-11-22,metropolitana,,organico,true,1,36
U100393,2022-12-05,maule,Rancagua,pagado,true,,64
U100644,05-04-2021,los lagos,Quilpué,organico,true,1,66
U101412,2023-09-28,Araucanía,Concepción,organico,true,1,71
U102257,2026-05-24,Del Maule,Rancagua,directo,false,1,40
U100857,2020-04-19,Region Metropolitana,Puente Alto,pagado,true,1,69
U102390,2019-06-02,RM,Temuco,email,true,1,73
U103210,2022-09-23,Bío Bío,Antofagasta,organico,true,1,39
U102028,2022-01-14,Metropolitana,Temuco,pagado,,0,66
U103397,2019-04-27,Araucanía,,email,true,1,61
U102733,2021-03-02,Antofagasta,Viña del Mar,directo,true,1,51
U102986,22-12-2022,los lagos,Las Condes,pagado,false,1,61
U100814,2025-04-09,Ohiggins,Puente Alto,email,false,,67
U103254,2019-07-14,Maule,Maipú,organico,true,0,19
U102670,21/08/2021,Del Maule,Viña del Mar,directo,true,1,59
U102546,01/11/2019,La Araucania,La Florida,pagado,true,1,36
U100704,2024-11-02,Libertador B. O'Higgins,Viña del Mar,organico,true,,41
U101306,24/02/2022,Libertador B. O'Higgins,Antofagasta,referido,false,1,71
U103099,2025-05-03,Biobio,Talca,directo,true,,20
U100677,2023-11-06,Biobío,Concepción,organico,true,1,24
U101349,2021-04-12,Valparaiso,Puente Alto,pagado,true,,25
U102539,2020-04-10,Los Lagos,Temuco,organico,true,,65
U103266,2024-08-01,maule,Temuco,referido,true,1,33
U100105,2021-02-18,Tarapacá,Antofagasta,pagado,true,1,62
U101219,2023-12-18,Tarapacá,Viña del Mar,email,false,1,18
U100165,07-12-2025,Del Maule,Santiago,directo,true,1,-20
U102314,18/07/2027,Valparaíso,Viña del Mar,directo,true,0,47
U100932,01/02/2019,Metropolitana,Maipú,organico,true,0,43
U101477,2024-01-22,Del Maule,La Serena,pagado,true,0,-28
U101270,2022-01-04,antofagasta,La Serena,organico,false,1,60
U102898,2026-04-04,R. Metropolitana,San Miguel,email,true,1,47
U100279,2025-11-12,V region,Maipú,organico,true,1,22
U100903,2021-12-21,COQUIMBO,Temuco,pagado,true,1,61
U100845,01-04-2021,Araucanía,Providencia,organico,true,1,40
U101990,05-04-2025,LOS LAGOS,San Miguel,organico,true,1,60
U102057,2021-02-05,COQUIMBO,Providencia,directo,true,,71
U101131,07-02-2024,VALPARAISO,Ñuñoa,,true,,70
U103841,19/11/2019,Maule,Providencia,UNKNOWN,true,,67
U102545,29-02-2024,Coquimbo,La Serena,pagado,true,1,59
U103646,02-11-2022,Biobío,Iquique,,true,1,74
U103092,2026-01-02,Región Metropolitana,,email,true,0,-10
U100551,2021-11-12,Maule,Temuco,pagado,true,0,
U103057,2024-08-25,RM,Providencia,pagado,true,1,
U100156,2019-01-08,Region Metropolitana,Ñuñoa,UNKNOWN,true,0,70
U101194,03/09/2021,Araucania,Puente Alto,organico,true,1,48
U101755,2020-09-17,Araucanía,,directo,true,0,49
U103739,2020-10-10,Ohiggins,Rancagua,referido,true,,-32
U101432,2026-03-10,Region Metropolitana,La Florida,organico,true,0,62
U103132,2021-12-30,Libertador B. O'Higgins,Maipú,pagado,true,1,21
U100012,16/06/2019,Del Maule,Antofagasta,pagado,true,0,68
U102997,2020-04-10,antofagasta,Antofagasta,pagado,true,1,23
U101622,2020-04-23,Ohiggins,Ñuñoa,directo,,1,58
U100356,2019-07-30,O'Higgins,Maipú,pagado,true,1,33
U101110,24-06-2021,Maule,Puerto Montt,organico,true,1,30
U100062,2024-09-06,Ohiggins,Concepción,organico,false,0,41
U102893,2025-04-24,COQUIMBO,Rancagua,organico,true,0,34
U102587,2020-11-28,Araucania,,directo,true,0,19
U100587,18-11-2024,Araucania,Puente Alto,organico,true,1,19
U102169,28-11-2025,Tarapacá,Antofagasta,pagado,true,,33
U103485,2020-08-08,Tarapaca,,organico,false,0,26
U103670,2022-11-10,V region,Rancagua,pagado,true,,46
U102777,2024-02-14,Los Lagos,Quilpué,pagado,true,,68
U102525,2025-09-01,los lagos,Santiago,organico,false,1,20
U102696,2021-05-11,Araucanía,Rancagua,email,true,0,58
U100099,15/07/2020,Tarapaca,Maipú,directo,true,0,46
U103384,25-07-2023,Araucanía,Rancagua,referido,true,,55
U100152,2025-07-19,Araucania,Providencia,pagado,true,1,32
U102315,2021-03-04,RM,La Serena,email,true,0,50
U102801,2022-02-25,Antofagasta,Talca,organico,true,0,65
U102699,2022-01-07,antofagasta,Providencia,directo,true,0,39
U101008,2023-11-14,Tarapaca,Quilpué,directo,true,0,61
U103383,09-09-2021,Tarapaca,Puente Alto,organico,true,1,59
U100235,2021-05-29,Maule,Maipú,organico,true,1,35
U102571,19/12/2022,antofagasta,La Serena,UNKNOWN,true,1,
U103041,2024-02-16,Araucanía,Quilpué,directo,true,1,20
U100429,2024-10-04,Araucanía,Iquique,organico,true,1,27
U103754,2024-11-22,Bío Bío,Concepción,pagado,true,,58
U100719,05/08/2020,Tarapaca,Puerto Montt,email,true,1,21
U102445,2019-10-29,Bío Bío,Iquique,UNKNOWN,true,1,47
U102645,2021-02-15,Valparaiso,Providencia,organico,true,0,67
U102439,2025-07-25,Valparaiso,Talca,organico,true,1,49
U102651,2022-09-22,Antofagasta,La Serena,UNKNOWN,true,1,63
U101864,2021-10-12,Bío Bío,Quilpué,organico,true,,35
U101265,07-09-2025,los lagos,Puerto Montt,directo,true,,37
U103219,2023-08-16,Valparaiso,Maipú,directo,true,1,62
U102950,2021-11-30,La Araucania,Talca,directo,,,72
U101229,2023-07-26,Tarapacá,Las Condes,directo,true,1,30
U100887,2021-11-20,Los Lagos,Providencia,pagado,true,1,74
U103655,2020-12-26,Antofagasta,La Florida,pagado,true,0,47
U103330,21-10-2024,Metropolitana,Rancagua,organico,true,0,28
U101546,2023-02-23,Ohiggins,La Florida,pagado,true,0,65
U100284,26-10-2021,Coquimbo,Ñuñoa,organico,true,1,33
U100962,2023-02-14,los lagos,La Florida,organico,true,1,53
U103036,2021-11-02,Tarapacá,Maipú,pagado,true,1,
U100406,06-06-2020,Región Metropolitana,Maipú,directo,true,1,63
U101479,17/02/2026,VALPARAISO,Rancagua,UNKNOWN,true,1,25
U100405,2022-02-18,maule,Maipú,pagado,true,1,63
U100768,2020-05-05,Libertador B. O'Higgins,Quilpué,pagado,true,1,20
U100718,30-07-2020,Biobío,Temuco,organico,true,1,21
U103742,03/08/2024,Coquimbo,Viña del Mar,organico,true,1,62
U100371,2022-03-30,Del Maule,Antofagasta,,true,1,37
U102903,2020-12-12,VALPARAISO,Puerto Montt,organico,true,1,65
U102756,24/06/2023,antofagasta,Santiago,referido,true,1,62
U102365,2021-10-01,Tarapacá,,directo,true,1,66
U100007,10/03/2023,Bío Bío,Santiago,directo,true,0,25
U101713,2021-10-23,Bio-Bio,Providencia,,true,0,29
U102887,2025-06-07,Ohiggins,Temuco,UNKNOWN,true,1,
U101889,2020-08-15,Región Metropolitana,Concepción,organico,false,1,48
U103804,05/02/2022,BIOBIO,Viña del Mar,email,true,1,74
U101567,15/03/2021,Maule,Las Condes,directo,true,,53
U100791,2026-07-01,Maule,Viña del Mar,organico,true,0,20
U102018,2023-05-09,Araucania,Rancagua,pagado,true,0,52
U102550,20/06/2022,Ohiggins,Antofagasta,email,true,1,34
U101030,2023-05-04,Tarapacá,Maipú,organico,false,0,25
U102129,2020-09-03,Tarapaca,Iquique,directo,,1,18
U101193,2022-02-09,Biobío,Rancagua,directo,true,1,62
U103451,21/11/2022,Tarapaca,La Florida,organico,true,1,38
U102979,26-11-2020,La Araucania,San Miguel,directo,true,0,19
U100463,2020-06-23,Del Maule,Rancagua,directo,true,,0
U101148,2022-01-29,Tarapacá,,organico,true,1,57
U102229,2022-09-17,V region,Quilpué,organico,true,1,45
U103578,2021-11-28,Maule,La Serena,pagado,true,1,28
U100119,09/10/2023,los lagos,Puente Alto,pagado,true,0,23
U102732,2021-11-22,Bio-Bio,Puerto Montt,,true,1,24
U101857,19/05/2023,Maule,La Florida,organico,true,1,19
U100243,25/05/2021,Bío Bío,Providencia,directo,true,1,36
U101089,28/06/2025,Del Maule,La Florida,pagado,false,0,25
U101119,24/09/2020,V region,Puente Alto,directo,true,0,27
U103130,2025-08-12,Del Maule,Santiago,UNKNOWN,true,0,66
U103343,2019-06-23,RM,Concepción,email,true,1,30
U100860,2024-10-20,Coquimbo,Puente Alto,pagado,true,1,0
U103760,10/08/2020,Bío Bío,Talca,email,true,1,19
U100143,2022-07-21,metropolitana,Puente Alto,referido,true,1,40
U103112,2024-02-26,Tarapaca,La Florida,organico,true,,38
U102180,25-04-2023,Tarapacá,Las Condes,organico,false,1,32
U100237,08-12-2019,COQUIMBO,La Florida,email,true,1,39
U102270,2024-10-24,Antofagasta,Ñuñoa,organico,true,0,22
U102193,2021-02-18,maule,Rancagua,organico,true,1,71
U100366,16/10/2020,Araucanía,La Florida,organico,true,,999
U102637,2019-10-19,LOS LAGOS,Puerto Montt,organico,true,,26
U100349,12/07/2026,VALPARAISO,Concepción,organico,,0,48
U102465,2025-08-22,La Araucania,Concepción,email,true,1,27
U101934,2022-06-13,COQUIMBO,,pagado,false,1,52
U101835,2023-01-29,Araucania,Providencia,directo,true,,34
U103433,2024-06-24,Libertador B. O'Higgins,La Florida,directo,true,1,46
U103632,2019-01-05,los lagos,Rancagua,email,true,,47
U102947,2021-08-24,Metropolitana,Viña del Mar,organico,true,0,61
U102071,2024-01-26,antofagasta,Rancagua,organico,true,1,21
U100958,2021-12-20,V region,Viña del Mar,pagado,true,0,68
U103199,2021-10-06,Tarapaca,Rancagua,directo,true,,32
U102056,31-10-2021,Araucanía,La Serena,directo,true,1,21
U100292,2021-10-01,Coquimbo,Concepción,pagado,true,0,37
U101801,2025-11-12,antofagasta,Temuco,directo,true,,74
U100835,2021-09-07,Libertador B. O'Higgins,La Serena,pagado,true,,0
U102823,10/10/2025,metropolitana,La Florida,pagado,true,0,41
U103969,2019-09-18,Del Maule,Antofagasta,organico,true,,40
U101581,2022-12-02,COQUIMBO,Antofagasta,organico,true,0,18
U102723,04-09-2021,Valparaíso,Temuco,pagado,true,0,74
U102120,18/07/2025,Araucanía,La Serena,organico,true,0,64
U101459,2025-11-30,antofagasta,La Serena,,true,,73
U100729,2026-07-02,antofagasta,Santiago,directo,false,1,36
U103979,2020-03-26,Bio-Bio,Santiago,pagado,true,1,23
U103748,18/07/2025,Araucania,Las Condes,pagado,true,1,37
U103887,2023-12-21,Tarapaca,Iquique,organico,true,0,52
U101267,01/05/2022,RM,,pagado,true,1,19
U100794,2021-07-11,LOS LAGOS,Antofagasta,pagado,true,0,71
U101035,2019-01-16,R. Metropolitana,Las Condes,directo,true,1,26
U103302,2025-01-02,Metropolitana,,email,true,0,67
U100971,12/06/2019,Coquimbo,Las Condes,pagado,false,1,35
U103412,26/06/2023,La Araucania,Viña del Mar,pagado,true,0,51
U100498,2024-08-07,Del Maule,Viña del Mar,email,true,1,43
U101028,23/03/2021,COQUIMBO,Temuco,directo,true,1,34
U101175,2025-06-16,antofagasta,Temuco,email,true,1,47
U100306,2020-05-23,Tarapaca,Puente Alto,directo,true,0,66
U102035,2022-10-28,Valparaiso,Talca,organico,true,0,71
U103990,2024-03-26,COQUIMBO,Iquique,organico,true,1,73
U100965,21-08-2023,Región Metropolitana,Iquique,directo,true,1,20
U103122,01/12/2025,Tarapaca,Las Condes,directo,true,,37
U101716,2021-11-22,Coquimbo,La Serena,directo,true,,54
U101061,2026-05-01,VALPARAISO,Maipú,pagado,true,,74
U102373,2019-08-17,Maule,Concepción,organico,false,0,55
U100724,23-02-2024,Region Metropolitana,Santiago,referido,true,0,69
U102290,2025-08-19,V region,Puente Alto,organico,,1,
U101893,20-08-2023,Los Lagos,Concepción,email,,0,26
U101313,2026-01-19,antofagasta,Talca,organico,true,1,61
U102716,2019-03-25,antofagasta,Temuco,directo,true,0,48
U101827,22-12-2023,RM,Rancagua,organico,true,1,20
U103083,2019-04-05,Coquimbo,Talca,pagado,true,1,66
U102389,2023-04-05,Tarapacá,Iquique,pagado,true,0,55
U101500,2022-05-09,O'Higgins,Temuco,UNKNOWN,true,,73
U101890,2022-05-17,Bío Bío,San Miguel,organico,true,,25
U103098,2021-09-22,Biobío,Concepción,organico,true,,26
U101970,2022-09-01,R. Metropolitana,Maipú,pagado,true,0,40
U103422,26/01/2024,VALPARAISO,Antofagasta,email,false,1,73
U101848,2020-12-17,maule,Viña del Mar,organico,true,1,31
U100392,2026-01-19,Ohiggins,Santiago,organico,true,1,58
U103427,2020-12-01,Valparaiso,Maipú,pagado,false,0,53
U103335,2022-04-13,Valparaíso,Santiago,email,true,1,25
U100376,2022-12-12,COQUIMBO,Santiago,directo,true,1,36
U100855,2025-08-13,Región Metropolitana,,organico,true,1,66
U100438,2023-09-12,Valparaíso,Temuco,pagado,true,1,40
U100403,2021-07-13,COQUIMBO,Antofagasta,email,true,1,64
U103697,2024-09-22,Tarapacá,Maipú,pagado,,0,52
U101961,30/04/2023,Antofagasta,Puente Alto,,true,1,40
U100975,2020-07-18,Antofagasta,Puerto Montt,referido,true,0,999
U103579,2026-07-14,COQUIMBO,Ñuñoa,directo,true,1,60
U103771,01/06/2022,Ohiggins,Providencia,organico,,1,44
U101926,2019-01-02,Bío Bío,,directo,true,0,27
U103499,2023-12-30,Región Metropolitana,La Serena,organico,false,1,51
U102981,2026-04-02,Araucania,Puente Alto,pagado,false,,33
U100391,2022-12-15,Valparaíso,Puerto Montt,directo,true,,59
U101683,2023-01-25,O'Higgins,,organico,false,1,73
U102471,09-03-2021,Araucanía,La Serena,pagado,true,1,21
U102569,2020-05-15,Libertador B. O'Higgins,Providencia,email,false,0,37
U101808,2024-01-25,antofagasta,Providencia,directo,false,1,0
U103954,2022-01-09,Ohiggins,Iquique,organico,false,1,40
U102565,2021-02-18,Tarapaca,Las Condes,directo,true,0,43
U103150,02-07-2019,Metropolitana,Talca,pagado,true,1,34
U102128,2021-01-30,los lagos,Puente Alto,organico,,1,20
U101858,2024-09-05,La Araucania,Iquique,UNKNOWN,true,1,69
U101981,2025-02-15,LOS LAGOS,San Miguel,UNKNOWN,true,,25
U103081,2020-11-22,La Araucania,Las Condes,pagado,true,1,40
U100632,2020-09-26,RM,Ñuñoa,email,true,1,32
U102665,2019-03-26,antofagasta,La Florida,pagado,true,0,22
U100535,2020-04-27,Libertador B. O'Higgins,Concepción,pagado,true,1,46
U100264,2019-08-01,BIOBIO,La Serena,directo,true,1,29
U101373,14/01/2022,Maule,Puerto Montt,organico,true,1,19
U102487,14/07/2021,Tarapacá,Puerto Montt,organico,true,1,58
U100227,02/07/2020,Araucania,Santiago,organico,true,1,46
U103962,2023-08-24,Los Lagos,Santiago,directo,true,,18
U100947,26-08-2023,Araucanía,Talca,pagado,true,0,31
U100533,2022-11-27,los lagos,La Florida,organico,true,0,22
U100566,22/01/2026,RM,Las Condes,email,true,,28
U101053,2026-03-23,Los Lagos,Ñuñoa,email,true,1,53
U102706,2019-10-14,VALPARAISO,Las Condes,directo,true,0,24
U103701,2025-06-30,O'Higgins,Quilpué,organico,true,1,0
U103382,27-12-2019,Antofagasta,San Miguel,organico,true,1,43
U100610,2023-02-01,los lagos,Temuco,organico,true,1,73
U102745,29/07/2025,maule,Temuco,pagado,true,1,56
U103582,25-01-2024,COQUIMBO,,pagado,,,65
U103797,2026-06-29,metropolitana,Puente Alto,directo,true,1,28
U100089,2021-01-14,R. Metropolitana,Ñuñoa,pagado,true,1,62
U100175,2024-07-06,Tarapaca,Temuco,pagado,false,1,67
U100672,27/03/2021,Libertador B. O'Higgins,Antofagasta,pagado,true,1,57
U102168,2020-02-22,O'Higgins,San Miguel,organico,true,0,62
U103301,2020-08-10,La Araucania,,directo,true,,50
U100528,2022-01-29,Tarapacá,Rancagua,directo,true,1,65
U102067,04-07-2024,Tarapacá,Maipú,organico,true,1,47
U103645,25/10/2024,los lagos,Talca,email,true,,58
U101282,2023-06-26,LOS LAGOS,Temuco,email,true,1,70
U100938,2019-06-04,La Araucania,Ñuñoa,,false,0,999
U101154,2022-01-31,Ohiggins,Viña del Mar,organico,true,1,56
U101764,2020-03-29,Bio-Bio,Providencia,pagado,true,,25
U100283,2025-08-11,Coquimbo,Providencia,pagado,true,1,47
U102876,2023-03-17,RM,Talca,organico,true,1,44
U100690,22/09/2023,Valparaiso,,organico,true,,53
U101724,2023-04-28,Los Lagos,Iquique,referido,true,1,60
U102358,2019-12-20,O'Higgins,Quilpué,directo,true,0,
U101909,2025-11-12,Ohiggins,Talca,email,true,1,70
U101250,2026-07-17,Antofagasta,Puente Alto,pagado,true,1,44
U100259,2019-09-12,antofagasta,Puente Alto,pagado,false,0,45
U101811,2019-03-31,Antofagasta,Maipú,UNKNOWN,true,,62
U103575,23-04-2026,V region,Concepción,organico,true,1,72
U102076,2021-11-02,antofagasta,Concepción,organico,true,0,24
U102519,2026-05-25,Bío Bío,La Florida,directo,true,0,59
U101794,2021-09-27,La Araucania,San Miguel,pagado,true,1,999
U101439,26/02/2025,Araucanía,Iquique,pagado,true,0,
U103357,2019-05-24,Araucania,Puerto Montt,organico,true,,37
U100684,2019-04-13,Del Maule,,UNKNOWN,true,1,54
U101905,04/05/2019,metropolitana,,directo,true,,53
U102741,31-12-2019,RM,Iquique,organico,true,1,23
U101612,2025-06-01,Maule,Puente Alto,referido,true,1,61
U103346,11/12/2019,Metropolitana,San Miguel,directo,true,1,45
U102079,2026-01-10,los lagos,Puente Alto,email,true,0,18
U103783,14-06-2026,Tarapacá,Rancagua,organico,true,1,73
U100539,02-01-2024,Tarapaca,Las Condes,pagado,true,,48
U100926,2019-05-26,Biobio,Puente Alto,organico,true,0,
U100028,2022-06-01,Bío Bío,La Serena,email,true,1,34
U102808,2025-01-17,Del Maule,Puerto Montt,pagado,true,1,60
U102134,23/08/2024,Antofagasta,Las Condes,directo,true,1,65
U100876,2026-03-03,Región Metropolitana,Rancagua,directo,true,0,26
U101376,09-11-2020,La Araucania,La Florida,referido,true,0,63
U101303,2019-05-02,Tarapacá,Puerto Montt,organico,true,1,45
U102416,26-12-2023,Los Lagos,Viña del Mar,organico,true,1,39
U102021,2025-02-24,Biobio,Quilpué,referido,true,1,59
U101734,2020-04-05,Ohiggins,Puente Alto,directo,true,1,54
U100613,18-06-2026,Tarapaca,Iquique,organico,true,,53
U103734,2025-02-09,O'Higgins,Providencia,directo,true,1,68
U102215,18/01/2023,BIOBIO,La Serena,directo,true,1,62
U100491,2025-03-21,Region Metropolitana,Maipú,directo,true,1,
U103334,2022-02-24,Biobío,Ñuñoa,pagado,true,,74
U102506,2022-06-04,Antofagasta,Concepción,pagado,true,0,54
U103144,2021-04-15,V region,Maipú,organico,true,0,53
U100098,2022-03-19,los lagos,Puerto Montt,pagado,true,1,999
U102461,2020-06-27,Libertador B. O'Higgins,Concepción,pagado,true,1,19
U102977,10-08-2023,Libertador B. O'Higgins,,directo,true,0,56
U103000,2023-02-05,Tarapaca,Concepción,,,1,42
U103688,26-05-2025,Del Maule,Talca,organico,true,1,69
U101920,18/03/2026,Libertador B. O'Higgins,Antofagasta,pagado,true,1,41
U100739,01/05/2023,BIOBIO,La Florida,,true,1,44
U102633,2019-08-14,Coquimbo,Temuco,organico,true,1,53
U101590,2025-08-31,LOS LAGOS,Iquique,organico,true,1,0
U101608,2021-08-10,metropolitana,Providencia,email,true,1,42
U100583,2026-04-08,Ohiggins,Concepción,email,false,1,31
U101617,2024-01-15,La Araucania,Ñuñoa,directo,true,1,43
U100617,2023-02-05,Antofagasta,Providencia,pagado,true,0,40
U102572,03-02-2021,Biobio,Antofagasta,email,true,1,46
U100956,2021-03-12,metropolitana,,pagado,true,1,32
U100714,2020-03-31,Biobío,,organico,true,1,18
U101038,2021-01-14,los lagos,Viña del Mar,UNKNOWN,true,,32
U102264,2024-05-04,Bio-Bio,Las Condes,pagado,true,,64
U102872,2020-06-18,antofagasta,Maipú,organico,false,1,45
U101655,2023-03-23,Bio-Bio,,pagado,true,0,67
U102862,2020-02-26,Tarapaca,La Serena,organico,true,0,64
U102306,2026-06-30,Araucania,Santiago,organico,true,1,50
U102378,2019-02-17,COQUIMBO,Providencia,directo,true,1,60
U101109,2021-09-11,O'Higgins,Viña del Mar,email,true,0,62
U101117,14/09/2025,Valparaiso,La Florida,organico,true,1,71
U101674,2022-03-25,BIOBIO,Concepción,organico,,1,36
U101750,2019-08-21,Tarapaca,Las Condes,,true,1,63
U100482,19/11/2019,antofagasta,Antofagasta,email,true,,41
U100554,2024-01-21,Tarapacá,Quilpué,organico,true,1,70
U103779,2022-12-22,Valparaiso,Quilpué,directo,true,1,20
U101982,2025-08-11,Antofagasta,Rancagua,pagado,true,,51
U103227,2024-02-08,Coquimbo,Viña del Mar,organico,true,,29
U100378,2024-12-21,LOS LAGOS,Concepción,directo,true,0,52
U101886,2026-03-21,Del Maule,Iquique,organico,false,1,59
U100611,2022-07-04,Tarapaca,Ñuñoa,pagado,true,1,44
U101039,12/04/2020,Tarapacá,,email,false,0,999
U100789,2020-09-24,Tarapaca,Temuco,email,true,,25
U100223,26/03/2019,COQUIMBO,Temuco,organico,true,1,33
U103559,2025-05-17,Region Metropolitana,Las Condes,organico,true,1,24
U103177,25/08/2025,Tarapacá,Rancagua,organico,false,1,36
U102515,15-09-2024,R. Metropolitana,Iquique,referido,true,1,25
U101566,2020-12-02,Tarapaca,La Serena,organico,true,1,20
U100515,2021-07-20,Tarapaca,Antofagasta,organico,true,0,73
U100189,11-08-2020,R. Metropolitana,Concepción,UNKNOWN,true,1,42
U101758,16/10/2021,Tarapacá,Viña del Mar,organico,true,1,63
U100161,2021-08-02,COQUIMBO,La Serena,UNKNOWN,true,,61
U101019,2021-04-29,LOS LAGOS,Temuco,organico,false,,54
U100149,2021-08-28,COQUIMBO,Viña del Mar,directo,false,1,59
U102372,2021-04-05,Del Maule,Viña del Mar,pagado,true,0,40
U101892,2025-08-27,Los Lagos,Rancagua,pagado,true,0,71
U101429,13-08-2020,Tarapacá,Providencia,organico,true,1,49
U102292,2019-06-08,Bio-Bio,San Miguel,organico,true,0,46
U100475,2020-01-25,COQUIMBO,Maipú,organico,false,,51
U102462,2021-04-25,Antofagasta,Temuco,pagado,true,,59
U100188,2022-12-28,RM,Puerto Montt,email,true,1,41
U103796,2024-04-14,Región Metropolitana,La Serena,organico,,1,62
U102244,19/07/2021,maule,,pagado,true,0,
U102976,2023-03-14,antofagasta,Puerto Montt,organico,true,1,35
U101895,24-11-2022,Araucanía,San Miguel,,true,1,20
U101423,17/09/2024,Biobío,Puerto Montt,directo,true,1,42
U103572,18/12/2019,Los Lagos,Puerto Montt,pagado,true,1,33
U102657,2026-01-09,Bio-Bio,Temuco,pagado,false,,
U102663,2026-06-27,BIOBIO,Concepción,directo,true,1,18
U102078,31/05/2024,Ohiggins,Providencia,email,true,1,30
U101314,17-12-2020,maule,Antofagasta,UNKNOWN,true,0,68
U100663,2022-10-09,Araucanía,,pagado,true,1,60
U102042,01/02/2022,Coquimbo,Iquique,pagado,false,1,
U100433,2019-08-13,Biobio,,email,true,0,
U103968,2024-02-06,Valparaíso,,,true,1,43
U102963,2024-01-17,Biobío,Temuco,directo,true,1,33
U100840,2024-12-20,COQUIMBO,Talca,email,true,,999
U100233,2019-08-23,V region,Viña del Mar,organico,true,1,21
U101799,09-10-2024,COQUIMBO,Temuco,organico,true,0,49
U103380,2025-11-29,Coquimbo,Maipú,email,true,1,0
U102148,2021-10-09,COQUIMBO,Rancagua,email,true,1,54
U100082,2020-04-16,los lagos,Las Condes,directo,true,1,66
U103818,12-09-2025,VALPARAISO,Santiago,organico,true,0,42
U100377,2021-07-26,Tarapacá,Ñuñoa,pagado,false,1,59
U101596,2022-12-07,maule,,organico,true,0,35
U102868,2023-03-24,Antofagasta,La Florida,directo,true,1,34
U102011,2024-11-01,Los Lagos,Temuco,organico,false,0,23
U102103,2019-12-15,Los Lagos,,organico,true,,65
U101712,05-07-2019,R. Metropolitana,Antofagasta,directo,true,0,40
U101360,2021-04-29,Biobio,Quilpué,pagado,true,0,52
U103093,2026-04-29,Del Maule,Maipú,organico,true,,41
U101511,2024-01-17,Biobio,San Miguel,pagado,true,0,31
U101225,2023-06-01,BIOBIO,Viña del Mar,referido,true,0,
U102553,2025-09-02,O'Higgins,La Florida,directo,true,1,52
U103062,2022-06-20,Coquimbo,Concepción,organico,true,1,57
U102721,2023-01-21,antofagasta,Iquique,UNKNOWN,false,,73
U101747,2023-12-06,Tarapaca,Viña del Mar,pagado,true,0,24
U103546,2020-12-21,antofagasta,Concepción,organico,false,,65
U103819,26-03-2021,los lagos,La Serena,UNKNOWN,true,0,23
U102204,11/07/2021,los lagos,Puente Alto,directo,true,1,22
U100880,2025-01-03,metropolitana,Ñuñoa,organico,true,1,35
U102101,2024-10-14,COQUIMBO,Rancagua,directo,true,1,61
U103902,2025-05-09,Los Lagos,Rancagua,UNKNOWN,true,0,39
U102216,2019-10-10,Del Maule,Las Condes,pagado,true,0,31
U102051,2025-11-29,Metropolitana,,UNKNOWN,true,1,23
U102630,2021-03-27,RM,Antofagasta,organico,true,1,38
U101830,2020-02-10,Coquimbo,Temuco,directo,true,1,37
U101521,25-06-2022,Valparaíso,La Florida,pagado,true,1,31
U102491,15-09-2019,Los Lagos,La Florida,directo,true,1,28
U100741,2020-01-27,antofagasta,La Florida,pagado,true,1,73
U102972,27-11-2023,Tarapacá,Viña del Mar,referido,true,1,53
U102765,2022-01-04,Tarapaca,Las Condes,organico,true,,
U100337,2024-04-06,Valparaíso,Quilpué,directo,false,1,21
U103294,2023-06-28,RM,Rancagua,directo,true,,28
U103999,05-10-2023,Antofagasta,,email,true,1,23
U103799,2022-08-15,La Araucania,Antofagasta,organico,true,1,38
U101215,2022-05-16,Bío Bío,Temuco,organico,true,0,41
U102106,02-03-2023,Araucania,Maipú,pagado,true,0,45
U101043,2023-06-06,Biobio,San Miguel,pagado,true,1,50
U102434,2022-11-08,Valparaiso,Las Condes,organico,true,1,41
U103777,04/06/2021,antofagasta,Viña del Mar,email,true,1,27
U103046,2023-06-29,Antofagasta,Iquique,pagado,true,1,51
U101687,2026-06-04,metropolitana,Quilpué,organico,true,,19
U102687,16/06/2025,Araucania,Maipú,email,true,1,18
U102446,23/02/2019,COQUIMBO,Santiago,organico,true,1,0
U100042,08/07/2019,Antofagasta,Viña del Mar,pagado,true,1,48
U100529,19/06/2021,Tarapacá,Puerto Montt,referido,true,0,28
U102639,2024-08-14,Los Lagos,Antofagasta,directo,true,0,0
U102726,2020-07-24,Coquimbo,,,true,0,48
U101735,29/08/2023,Antofagasta,Santiago,directo,,1,42
U100354,2022-10-07,LOS LAGOS,Talca,directo,false,0,55
U103096,01/07/2025,Metropolitana,Concepción,directo,true,0,46
U103194,2020-11-11,los lagos,Concepción,organico,true,1,33
U100955,2019-06-29,RM,Antofagasta,organico,false,1,40
U100647,2021-07-21,Tarapaca,Providencia,email,false,1,50
U100769,2022-05-18,Araucanía,,organico,true,1,52
U100853,02/01/2022,antofagasta,Santiago,pagado,true,1,27
U103571,24/08/2021,Araucania,Quilpué,organico,true,,18
U101211,2024-06-04,Libertador B. O'Higgins,San Miguel,pagado,true,1,73
U103527,2022-01-24,Los Lagos,Santiago,directo,true,,46
U101913,2021-07-14,Región Metropolitana,Talca,pagado,true,1,58
U102267,2022-12-15,Tarapaca,Las Condes,UNKNOWN,true,0,24
U100981,2023-11-07,Coquimbo,Maipú,organico,true,,69
U100600,2026-01-24,La Araucania,Santiago,organico,true,0,32
U103040,2021-08-17,COQUIMBO,Concepción,directo,true,,36
U101070,2022-12-19,Valparaiso,Las Condes,organico,false,1,37
U102460,2019-06-27,Region Metropolitana,Quilpué,directo,true,,59
U101179,08/12/2024,Araucania,Temuco,directo,true,1,61
U103916,2022-05-14,La Araucania,Puerto Montt,organico,true,1,66
U100864,27-06-2023,Maule,Las Condes,pagado,true,0,74
U102227,05/08/2022,Maule,La Florida,pagado,true,,27
U100675,2026-01-23,Valparaíso,La Florida,directo,true,0,18
U100734,2020-10-01,Valparaíso,,pagado,true,1,
U103849,04-10-2020,los lagos,Concepción,pagado,true,0,38
U101195,2024-12-25,Ohiggins,San Miguel,directo,true,1,69
U103391,18-10-2023,LOS LAGOS,Santiago,pagado,,,34
U102497,2026-01-01,Libertador B. O'Higgins,Talca,referido,,1,70
U100832,2020-09-01,Valparaiso,Talca,directo,true,1,74
U103895,2023-10-22,metropolitana,Las Condes,pagado,true,1,64
U103376,30/08/2021,los lagos,Antofagasta,email,true,1,
U100191,2025-12-13,Región Metropolitana,Temuco,organico,true,1,69
U103856,2026-05-04,VALPARAISO,Viña del Mar,pagado,,1,38
U101330,2020-09-01,Valparaiso,Providencia,email,true,1,21
U101572,31/05/2024,La Araucania,Maipú,directo,true,1,53
U103893,2022-08-17,La Araucania,Antofagasta,UNKNOWN,true,0,0
U100115,2021-09-06,V region,San Miguel,pagado,true,,-13
U102902,13/10/2022,R. Metropolitana,La Serena,organico,true,1,23
U100170,2026-03-28,Metropolitana,Puente Alto,organico,true,,72
U103807,2026-02-05,BIOBIO,Las Condes,pagado,true,,57
U101767,28/04/2019,Bio-Bio,Viña del Mar,directo,true,0,60
U102354,2023-04-08,O'Higgins,,organico,true,0,59
U103165,2023-08-03,Libertador B. O'Higgins,Concepción,directo,true,0,43
U102093,2021-09-12,Coquimbo,Talca,organico,false,0,59
U102824,2023-08-23,Tarapacá,Antofagasta,email,,1,34
U103325,2022-10-18,VALPARAISO,La Florida,organico,false,,43
U102164,2021-05-18,Araucanía,La Florida,directo,true,0,999
U103547,2025-01-13,BIOBIO,Talca,organico,false,0,33
U100373,2021-05-15,Ohiggins,Iquique,organico,true,,60
U100996,2026-04-08,Tarapacá,Iquique,organico,true,0,-34
U102870,2023-12-25,Bio-Bio,Concepción,pagado,true,1,57
U103038,29/03/2023,Los Lagos,Viña del Mar,pagado,false,1,69
U101630,2026-05-28,La Araucania,Puente Alto,pagado,true,1,60
U102387,2021-11-17,Valparaiso,Temuco,organico,true,1,29
U102385,2020-09-26,COQUIMBO,Viña del Mar,pagado,true,,52
U102788,2021-04-29,La Araucania,Rancagua,organico,true,,58
U103530,2023-08-07,Araucania,Las Condes,directo,true,1,38
U101416,13/10/2024,Libertador B. O'Higgins,Antofagasta,organico,true,,35
U101822,2026-10-09,maule,Maipú,directo,true,1,73
U103863,2021-11-07,Araucanía,Puerto Montt,pagado,true,1,39
U102008,11-02-2023,Libertador B. O'Higgins,Antofagasta,pagado,true,1,0
U102605,2022-03-24,Los Lagos,Ñuñoa,directo,,1,40
U100210,2024-01-21,BIOBIO,Talca,UNKNOWN,true,,34
U103727,2024-04-19,Araucanía,Iquique,directo,true,1,54
U103729,2020-07-05,Libertador B. O'Higgins,Puerto Montt,email,true,1,74
U100877,05-03-2019,Región Metropolitana,Viña del Mar,email,true,1,49
U100003,2019-08-28,Maule,Puerto Montt,pagado,true,1,44
U101118,2021-11-12,Tarapacá,Las Condes,directo,false,0,32
U103992,2021-04-06,V region,La Serena,directo,true,0,43
U103483,08/12/2022,Libertador B. O'Higgins,Viña del Mar,organico,true,0,34
U102644,14/09/2023,Tarapacá,Santiago,pagado,true,1,21
U102842,2019-05-02,Los Lagos,Talca,UNKNOWN,,0,43
U102793,2021-07-31,Region Metropolitana,Santiago,UNKNOWN,true,,19
U103252,2021-12-23,Araucania,,pagado,true,1,23
U102053,2026-01-20,R. Metropolitana,Concepción,referido,true,1,53
U102780,03/04/2023,maule,Talca,pagado,true,1,29
U100021,2024-11-28,Tarapaca,Concepción,organico,true,0,29
U103705,2024-12-24,Araucania,Maipú,organico,false,1,63
U103637,2025-02-14,Antofagasta,Viña del Mar,directo,true,,44
U101084,19-08-2023,Los Lagos,Rancagua,pagado,true,1,48
U103149,2025-05-01,V region,Viña del Mar,organico,true,1,46
U100623,2020-11-21,O'Higgins,,pagado,true,,64
U102283,06-03-2024,maule,Maipú,organico,true,1,60
U100506,24/06/2023,COQUIMBO,Las Condes,referido,true,,26
U101727,2023-11-21,Bío Bío,Las Condes,directo,true,1,39
U101171,2019-01-28,Tarapaca,Quilpué,email,true,1,24
U100005,2021-09-13,Maule,Concepción,email,true,,18
U102043,02/01/2025,Araucanía,Providencia,directo,true,1,999
U103218,2025-06-28,Bio-Bio,San Miguel,pagado,,0,64
U102429,2021-04-28,COQUIMBO,Viña del Mar,pagado,true,1,52
U101129,04/08/2022,Libertador B. O'Higgins,Temuco,UNKNOWN,true,1,34
U100494,2021-06-14,Tarapaca,Ñuñoa,pagado,true,,60
U101328,2020-01-19,Tarapaca,Concepción,pagado,true,0,52
U101642,2022-01-19,BIOBIO,Iquique,referido,true,0,34
U102782,2021-12-06,O'Higgins,Puerto Montt,pagado,true,0,25
U100848,2026-02-11,COQUIMBO,Puerto Montt,directo,true,,43
U101850,2024-03-25,Del Maule,Temuco,organico,true,1,27
U100561,2024-09-08,Araucania,La Serena,email,true,1,63
U103805,2024-08-06,los lagos,La Serena,pagado,true,0,36
U101876,2019-06-10,Antofagasta,Rancagua,organico,true,1,21
U102621,2020-01-09,COQUIMBO,,organico,true,0,30
U103365,2025-11-23,Bio-Bio,Antofagasta,organico,true,1,38
U103161,2023-09-29,Tarapaca,Las Condes,directo,,0,50
U101614,2024-03-05,Tarapacá,Concepción,organico,true,1,
U101132,2025-07-31,Tarapacá,Concepción,pagado,true,1,39
U101666,2022-11-04,Libertador B. O'Higgins,Santiago,email,true,1,32
U100111,15/01/2024,Los Lagos,Temuco,email,true,,53
U102712,2019-05-23,maule,Puerto Montt,pagado,true,1,19
U102326,2025-11-25,RM,Las Condes,directo,true,1,59
U101577,2025-03-03,Antofagasta,Ñuñoa,organico,true,,63
U100046,2022-11-23,LOS LAGOS,,organico,true,0,31
U100736,2022-07-29,La Araucania,Iquique,email,,0,51
U101433,17/04/2019,Ohiggins,Santiago,pagado,true,,62
U102371,2024-06-16,Bio-Bio,Temuco,pagado,true,0,56
U103319,28/03/2023,VALPARAISO,Iquique,pagado,true,0,52
U101244,2021-12-18,Los Lagos,Santiago,referido,true,0,49
U100866,2026-01-21,antofagasta,Talca,directo,false,1,52
U103079,2026-05-11,BIOBIO,Rancagua,organico,true,0,64
U102510,01-05-2024,Los Lagos,Iquique,organico,true,,65
U101336,09-02-2024,Tarapaca,Las Condes,referido,true,0,38
U102501,2023-09-21,RM,,organico,true,1,52
U103327,2027-01-14,COQUIMBO,San Miguel,email,true,,45
U103244,2022-07-25,los lagos,Puente Alto,UNKNOWN,true,1,20
U101528,2023-02-24,Region Metropolitana,Iquique,pagado,true,0,
U103374,2021-06-16,VALPARAISO,Providencia,UNKNOWN,true,,62
U101543,2020-07-30,Biobio,Talca,,true,1,64
U100759,2022-09-04,R. Metropolitana,Puente Alto,pagado,true,0,53
U100350,2021-12-11,Maule,Quilpué,email,,1,
U100879,2022-03-10,Ohiggins,Temuco,organico,true,1,65
U101003,2019-01-02,antofagasta,Puerto Montt,,false,0,40
U100428,22/02/2019,COQUIMBO,Maipú,organico,true,0,0
U100470,10-02-2024,los lagos,Rancagua,organico,,0,40
U100308,09/03/2021,Del Maule,Santiago,organico,true,1,52
U101133,01/02/2025,Tarapacá,Antofagasta,email,true,0,56
U103842,08/08/2024,Tarapacá,San Miguel,pagado,,1,69
U100426,2026-02-09,Del Maule,Santiago,email,true,,68
U103496,14-06-2019,Valparaiso,Antofagasta,pagado,true,1,28
U102334,2019-08-01,RM,Providencia,email,true,0,
U101960,14/11/2019,Del Maule,Puerto Montt,,true,1,39
U100726,2019-05-12,Los Lagos,Maipú,directo,,0,42
U101301,10/06/2024,Araucania,Maipú,pagado,true,0,26
U103540,04-06-2023,Antofagasta,Concepción,organico,true,1,34
U101388,2020-03-27,Bio-Bio,Iquique,email,true,,56
U101983,02-07-2023,O'Higgins,Quilpué,directo,true,1,58
U103784,2019-09-11,Biobío,,pagado,true,,30
U102970,2023-07-09,La Araucania,Santiago,email,true,1,47
U102144,19-10-2020,Región Metropolitana,Antofagasta,directo,true,0,27
U100499,22/03/2020,Tarapacá,Temuco,pagado,true,1,61
U101396,2025-02-13,Valparaíso,Iquique,referido,true,0,53
U101453,2024-03-17,Del Maule,Concepción,pagado,true,0,25
U102167,30-08-2025,Los Lagos,Iquique,organico,true,,31
U100001,2022-04-25,maule,Antofagasta,,true,0,44
U101381,14-11-2025,Valparaiso,,,false,1,21
U102489,18/12/2019,Libertador B. O'Higgins,Talca,directo,true,1,23
U101067,07/05/2025,Antofagasta,Ñuñoa,organico,true,1,73
U101087,2019-03-29,COQUIMBO,Talca,directo,true,1,50
U101829,2023-12-03,Valparaíso,Rancagua,pagado,true,,56
U101649,2023-10-23,Ohiggins,Viña del Mar,referido,true,1,25
U103627,2021-08-07,Tarapaca,Santiago,email,true,0,60
U101677,2022-02-20,O'Higgins,Puerto Montt,pagado,true,1,999
U103858,2020-03-06,Valparaiso,Santiago,email,true,0,20
U102740,06-09-2020,antofagasta,Providencia,,true,1,25
U103694,2021-03-28,La Araucania,La Florida,organico,false,1,20
U102882,2024-04-18,LOS LAGOS,Santiago,organico,true,,27
U101014,15/04/2019,Del Maule,La Florida,directo,true,0,72
U100838,2021-01-03,Tarapaca,La Serena,pagado,true,1,46
U102547,2022-07-06,V region,La Serena,organico,true,0,56
U102683,2022-08-11,Valparaiso,Antofagasta,organico,true,1,24
U101022,2019-01-17,COQUIMBO,Iquique,organico,true,1,60
U101049,28/02/2019,Tarapaca,Maipú,pagado,true,0,37
U103260,2020-05-14,Tarapacá,Temuco,organico,true,0,56
U101768,2025-07-26,Antofagasta,La Serena,pagado,true,1,23
U101025,2026-05-24,Coquimbo,Rancagua,directo,true,1,61
U100343,2020-04-21,R. Metropolitana,Concepción,directo,true,,69
U103030,2020-06-21,Araucania,Rancagua,directo,true,1,999
U103281,2020-11-12,La Araucania,Santiago,pagado,,1,19
U100983,2025-10-15,Araucania,Quilpué,pagado,true,1,61
U102643,2022-06-24,Araucania,Rancagua,directo,true,,38
U101946,16/11/2023,antofagasta,Rancagua,organico,true,,19
U102052,2024-08-20,Antofagasta,San Miguel,organico,true,1,33
U103785,2024-02-17,Araucania,Providencia,pagado,true,1,65
U103474,2026-07-09,Bio-Bio,Santiago,organico,true,,44
U100360,03/07/2021,Coquimbo,,directo,true,0,71
U102803,05-11-2022,Ohiggins,Las Condes,organico,true,1,18
U103101,2022-01-16,Coquimbo,Rancagua,pagado,false,1,60
U101166,12/07/2021,Metropolitana,Maipú,referido,true,1,70
U101445,01-11-2023,La Araucania,Puerto Montt,directo,true,1,47
U103059,2022-08-25,Coquimbo,Santiago,directo,true,1,74
U101965,11-08-2027,Bio-Bio,Ñuñoa,email,,1,57
U101052,08/02/2022,LOS LAGOS,Temuco,email,true,1,29
U101217,2019-08-17,Los Lagos,Ñuñoa,email,true,0,18
U101468,29-09-2019,antofagasta,Talca,directo,true,,67
U101935,2023-07-03,V region,Viña del Mar,referido,false,1,59
U103692,03/10/2019,los lagos,San Miguel,directo,true,1,24
U100179,19/01/2021,Biobío,Santiago,directo,true,0,72
U101103,2022-10-26,Tarapaca,Temuco,pagado,true,0,72
U103970,2024-02-10,Libertador B. O'Higgins,La Florida,directo,true,,71
U100650,2021-03-06,Metropolitana,Puente Alto,organico,true,1,69
U100169,2022-08-30,maule,La Florida,directo,true,,30
U103314,2026-04-22,maule,Rancagua,directo,true,1,32
U102055,2022-09-03,Del Maule,La Florida,directo,true,0,64
U100527,2023-11-16,Ohiggins,Rancagua,directo,,,27
U103021,04/01/2024,Antofagasta,Puente Alto,UNKNOWN,true,,71
U100658,2025-09-13,los lagos,Iquique,pagado,true,1,69
U100589,2025-03-15,COQUIMBO,Providencia,UNKNOWN,true,,
U100481,17/12/2025,Ohiggins,La Serena,referido,true,1,47
U100603,26/04/2026,los lagos,Temuco,organico,true,0,58
U102703,2021-05-27,O'Higgins,San Miguel,pagado,true,1,29
U101457,2019-01-13,Del Maule,Ñuñoa,email,true,1,20
U102505,2020-02-28,Tarapacá,Santiago,,true,1,74
U103127,2020-10-23,Antofagasta,La Florida,pagado,true,0,-19
U103822,2026-01-17,Coquimbo,Puerto Montt,directo,true,1,70
U101358,2021-07-04,Coquimbo,,,true,1,42
U101345,29-07-2020,Bio-Bio,Concepción,pagado,true,1,69
U100047,27/07/2020,Tarapaca,Providencia,organico,true,1,71
U103126,22-12-2019,Coquimbo,San Miguel,pagado,true,1,60
U103801,19/10/2025,La Araucania,Puerto Montt,pagado,true,1,67
U103329,07/09/2021,Araucanía,Viña del Mar,organico,true,1,54
U101769,2026-01-17,COQUIMBO,San Miguel,organico,true,0,
U103643,2021-09-15,antofagasta,Antofagasta,organico,true,,55
U103366,2020-11-27,Araucanía,Ñuñoa,email,,1,62
U100106,2020-10-09,metropolitana,La Florida,organico,true,,68
U103840,2020-04-02,antofagasta,Quilpué,UNKNOWN,true,0,31
U102251,13/11/2020,Libertador B. O'Higgins,Talca,email,true,0,40
U100395,2020-05-17,VALPARAISO,Iquique,UNKNOWN,true,0,73
U102269,2020-12-02,Ohiggins,La Florida,organico,true,1,61
U102235,2023-10-28,Araucania,Maipú,directo,true,1,69
U100621,2024-11-15,Biobio,Concepción,organico,true,,69
U103400,2020-01-11,Libertador B. O'Higgins,Providencia,pagado,true,0,26
U101708,2026-04-02,R. Metropolitana,Iquique,UNKNOWN,true,0,46
U103293,2021-11-06,O'Higgins,Quilpué,pagado,true,1,35
U103596,21-02-2026,COQUIMBO,Rancagua,pagado,false,1,36
U100725,23-02-2021,Ohiggins,,organico,true,,71
U101804,2023-04-01,Los Lagos,Temuco,pagado,true,1,45
U103023,2024-10-21,Biobío,La Florida,directo,false,1,46
U100616,2025-02-18,Tarapaca,Santiago,pagado,true,0,30
U103820,2021-03-17,Valparaiso,Rancagua,organico,false,0,0
U103392,10-08-2020,antofagasta,,UNKNOWN,false,1,20
U100923,26-09-2023,Libertador B. O'Higgins,Temuco,email,true,,43
U101096,2021-05-20,Valparaiso,Talca,pagado,false,0,48
U101189,2020-10-18,VALPARAISO,La Florida,pagado,true,,34
U102805,2022-09-01,COQUIMBO,Talca,pagado,true,0,49
U103072,25-11-2024,Antofagasta,Puerto Montt,referido,false,1,73
U102817,2025-02-16,Biobío,Concepción,directo,true,1,28
U102653,2023-03-28,los lagos,Las Condes,organico,true,,36
U102109,26/05/2020,V region,Ñuñoa,organico,true,1,64
U101650,23-01-2026,Valparaíso,Viña del Mar,referido,false,1,37
U101973,07/01/2020,Los Lagos,,pagado,true,0,39
U103321,13/09/2022,Coquimbo,Talca,email,true,0,45
U100977,20/10/2024,maule,Antofagasta,organico,true,1,33
U100255,25/04/2020,Araucanía,Puente Alto,pagado,false,1,59
U101588,2026-03-31,Valparaíso,Puerto Montt,directo,true,1,34
U100209,2021-01-30,antofagasta,Puente Alto,directo,true,0,39
U101561,2020-06-04,Tarapaca,Temuco,directo,true,0,73
U102330,09/09/2019,Tarapacá,Rancagua,pagado,true,,66
U103870,2025-05-18,Bío Bío,Quilpué,directo,true,,28
U102985,2024-09-09,La Araucania,Providencia,email,true,1,71
U100054,2022-11-01,Tarapaca,Quilpué,referido,true,0,43
U103907,2019-01-13,COQUIMBO,Concepción,directo,true,,-23
U101929,2019-10-30,Tarapaca,Concepción,organico,true,1,18
U101417,2021-10-20,Tarapaca,Puerto Montt,organico,true,,56
U101285,10/05/2026,Tarapacá,Puerto Montt,pagado,true,1,20
U101558,24/09/2021,O'Higgins,San Miguel,organico,true,1,
U100287,2026-03-11,VALPARAISO,Talca,referido,true,0,52
U101826,21-04-2022,los lagos,Puente Alto,pagado,false,1,34
U103052,2019-05-28,BIOBIO,Talca,organico,true,1,46
U100314,2019-03-13,VALPARAISO,,referido,true,0,49
U100542,2026-06-10,Libertador B. O'Higgins,Ñuñoa,organico,true,,59
U101493,2025-04-14,Tarapaca,Providencia,pagado,true,1,55
U101091,2024-03-28,los lagos,San Miguel,referido,false,0,60
U103612,2025-04-17,V region,Quilpué,email,true,1,39
U102036,2020-07-18,los lagos,Quilpué,directo,true,1,19
U102231,2023-05-31,Biobío,La Serena,organico,true,1,73
U103398,2020-12-16,los lagos,Talca,directo,true,0,40
U103635,2020-10-10,Libertador B. O'Higgins,,organico,true,1,69
U100509,2020-10-19,La Araucania,Iquique,organico,true,1,50
U100479,2025-03-23,Region Metropolitana,San Miguel,pagado,true,1,47
U103896,18/04/2025,Bio-Bio,Puerto Montt,organico,false,0,51
U101706,2019-01-23,antofagasta,Rancagua,organico,false,1,68
U102531,2023-11-26,Tarapacá,Iquique,UNKNOWN,true,0,35
U100924,2026-07-13,Del Maule,Viña del Mar,directo,true,1,74
U100427,04/11/2019,metropolitana,Temuco,organico,true,1,56
U100469,2021-07-20,metropolitana,Talca,organico,true,,33
U100525,2026-06-05,Tarapacá,Rancagua,pagado,true,1,23
U102522,29/10/2020,Metropolitana,Providencia,email,true,1,74
U100951,2022-10-08,R. Metropolitana,San Miguel,organico,true,1,36
U102548,21-03-2023,VALPARAISO,Maipú,pagado,true,1,22
U100459,24/11/2019,Bío Bío,Providencia,pagado,true,1,30
U101292,2025-07-19,RM,Temuco,organico,true,1,65
U100225,2023-04-22,Biobio,Providencia,directo,true,1,53
U102287,2019-02-08,Tarapaca,La Florida,organico,false,1,52
U100184,29/06/2025,Araucania,La Florida,email,true,1,20
U101050,2025-06-12,Los Lagos,Viña del Mar,organico,true,1,19
U103375,11/05/2021,V region,Puerto Montt,referido,true,1,59
U103603,07/03/2022,Biobío,Iquique,directo,true,1,25
U102858,2023-09-26,Valparaíso,Las Condes,pagado,true,,33
U102953,2021-02-06,Maule,San Miguel,organico,true,,49
U101079,2021-07-27,O'Higgins,,organico,true,1,26
U101356,2020-05-29,antofagasta,Puerto Montt,organico,true,0,48
U100290,05/06/2026,Ohiggins,Rancagua,email,true,0,28
U102066,2019-01-15,Biobío,Las Condes,pagado,true,1,23
U103312,22-10-2025,los lagos,Temuco,organico,true,1,24
U102828,2025-07-25,Bío Bío,Providencia,directo,true,0,39
U103107,2024-01-12,antofagasta,Las Condes,pagado,true,1,63
U101203,08-03-2024,Metropolitana,Viña del Mar,organico,true,1,45
U103065,04/08/2025,Biobio,Santiago,referido,true,0,50
U100982,2020-02-06,Araucanía,Temuco,organico,true,,39
U103536,2025-03-06,maule,Las Condes,pagado,,0,
U102096,2025-10-03,Araucanía,Viña del Mar,pagado,false,0,58
U102761,2019-01-18,La Araucania,Providencia,organico,true,,24
U101497,2019-03-01,Antofagasta,Viña del Mar,organico,true,,61
U100606,2019-11-15,Metropolitana,Puerto Montt,email,true,0,71
U101773,2021-09-02,LOS LAGOS,Antofagasta,organico,true,,62
U101184,13/01/2022,COQUIMBO,Maipú,organico,true,0,49
U102892,2022-03-18,Tarapacá,Puente Alto,pagado,true,1,61
U100126,2025-04-11,Bío Bío,Santiago,organico,,1,57
U103533,23/12/2021,La Araucania,Puente Alto,UNKNOWN,true,1,26
U103711,28-03-2026,Tarapacá,Temuco,UNKNOWN,true,0,42
U100987,2020-12-29,antofagasta,Iquique,pagado,true,1,67
U103952,2022-03-04,Bío Bío,Concepción,organico,true,1,23
U101974,2024-10-08,COQUIMBO,Providencia,pagado,true,0,36
U103468,2023-03-14,COQUIMBO,Maipú,organico,true,1,0
U102798,2019-12-05,Araucania,Puerto Montt,organico,true,0,46
U103985,22-01-2019,BIOBIO,Providencia,pagado,true,1,33
U101230,2022-01-22,Tarapacá,Temuco,organico,true,0,41
U102105,2022-03-30,Region Metropolitana,Quilpué,pagado,true,1,53
U103238,12/09/2019,Biobío,San Miguel,organico,true,0,27
U100133,2025-07-24,Region Metropolitana,La Serena,pagado,true,0,28
U100278,25-07-2022,los lagos,Providencia,email,true,0,0
U101692,17/01/2023,RM,,pagado,true,,999
U100476,2023-01-21,Araucanía,Antofagasta,organico,true,0,38
U102690,2019-10-08,maule,Temuco,organico,true,1,62
U102245,2025-06-13,BIOBIO,Antofagasta,organico,true,1,72
U102579,2020-02-23,RM,Temuco,email,true,1,45
U102921,2019-03-18,Antofagasta,Ñuñoa,directo,true,1,20
U101980,2020-02-14,R. Metropolitana,La Serena,pagado,true,,
U102608,2023-04-22,maule,Quilpué,organico,true,1,46
U102406,02/07/2024,Biobio,Santiago,directo,true,0,67
U101664,2021-04-28,Maule,Quilpué,directo,true,0,39
U103740,02/03/2019,Metropolitana,Quilpué,organico,true,1,28
U103075,2022-07-21,Biobío,Maipú,organico,true,1,
U103063,15-07-2019,Bío Bío,Puente Alto,email,true,1,55
U101034,04-05-2025,V region,La Florida,organico,true,,65
U100828,29-05-2023,los lagos,Santiago,pagado,true,,23
U103821,2025-11-18,los lagos,Quilpué,organico,true,1,31
U103528,10/08/2021,Región Metropolitana,La Serena,organico,true,0,38
U100245,2021-06-02,Region Metropolitana,Quilpué,pagado,true,0,68
U102049,2020-11-03,BIOBIO,Las Condes,email,true,1,34
U100992,20/10/2023,Valparaiso,La Florida,organico,false,1,45
U102754,2022-12-20,Bio-Bio,Maipú,email,false,0,74
U102366,02-12-2024,Coquimbo,Maipú,email,true,0,41
U102697,10/11/2022,Libertador B. O'Higgins,Temuco,organico,false,1,70
U103344,2023-09-26,Biobío,,organico,true,0,32
U103772,2026-02-20,Tarapaca,La Serena,organico,true,1,64
U100973,2026-01-14,Coquimbo,Ñuñoa,email,true,,48
U102544,2020-04-02,V region,,pagado,,1,56
U103698,2024-12-15,Tarapacá,Providencia,organico,true,0,26
U102409,2024-10-22,Biobío,Ñuñoa,pagado,true,,35
U103680,2019-09-25,BIOBIO,Concepción,pagado,true,,61
U103229,2026-05-05,O'Higgins,Santiago,directo,true,1,55
U100004,2024-12-03,Valparaiso,Santiago,,true,1,63
U103948,2025-08-19,VALPARAISO,La Florida,pagado,false,1,18
U101315,2021-07-16,BIOBIO,Viña del Mar,directo,true,1,68
U102830,2021-07-16,Antofagasta,San Miguel,directo,true,0,21
U102200,2023-09-23,Libertador B. O'Higgins,Temuco,email,true,1,67
U100530,05/06/2022,maule,Concepción,directo,true,0,30
U102661,2020-01-19,maule,Quilpué,pagado,true,1,66
U102230,27/02/2023,Ohiggins,Concepción,organico,true,,20
U101279,2022-11-14,Ohiggins,Puente Alto,organico,true,1,52
U101318,2025-03-14,Ohiggins,Viña del Mar,directo,true,1,43
U102006,2020-08-09,Coquimbo,La Serena,UNKNOWN,true,0,50
U102750,2023-10-27,Region Metropolitana,Puerto Montt,email,true,1,43
U101069,2025-11-28,Antofagasta,Antofagasta,organico,true,,20
U102395,2020-10-25,Biobio,Santiago,organico,true,1,63
U103706,2022-03-12,VALPARAISO,Viña del Mar,directo,true,1,50
U102349,2022-04-25,Maule,Providencia,email,true,1,
U101969,2020-06-13,Coquimbo,La Florida,pagado,true,1,66
U102783,2024-01-12,antofagasta,Rancagua,organico,true,1,52
U100748,2025-04-14,La Araucania,Viña del Mar,directo,true,0,28
U100232,2019-09-28,maule,Viña del Mar,,true,1,61
U101841,2022-01-01,V region,Santiago,organico,true,0,37
U101814,18-04-2024,R. Metropolitana,Santiago,directo,true,1,45
U103028,2025-07-10,COQUIMBO,,UNKNOWN,true,1,29
U102463,15-05-2022,Bío Bío,La Florida,directo,,1,33
U102885,2020-04-17,Valparaiso,Santiago,email,true,0,18
U102045,2024-12-11,Araucania,La Florida,email,false,0,25
U102380,2024-08-09,Antofagasta,Quilpué,organico,true,1,35
U100837,2020-06-28,O'Higgins,Quilpué,pagado,true,1,25
U103634,2025-04-17,Coquimbo,Talca,directo,true,0,54
U100544,2021-01-17,O'Higgins,Antofagasta,directo,false,1,21
U100359,2026-01-21,LOS LAGOS,Talca,directo,true,1,
U103811,28-02-2020,Biobío,Quilpué,organico,true,0,34
U102585,2023-10-31,Metropolitana,Concepción,directo,true,1,61
U103448,2020-09-24,Tarapaca,Concepción,pagado,false,,55
U100615,11/09/2025,COQUIMBO,,pagado,,1,42
U102905,2025-03-22,Araucanía,Quilpué,organico,true,1,27
U103720,2020-05-26,Ohiggins,Viña del Mar,directo,true,1,45
U101394,2024-11-14,Araucanía,Viña del Mar,organico,false,,44
U103847,2023-06-26,Antofagasta,Temuco,organico,true,1,73
U102023,2020-09-29,Metropolitana,Temuco,organico,true,1,64
U103011,28/11/2019,maule,Rancagua,organico,true,0,33
U102155,2026-03-08,Araucanía,Maipú,organico,true,1,46
U101082,2020-12-20,Bío Bío,Quilpué,UNKNOWN,true,,33
U101702,26-09-2022,Araucanía,Maipú,directo,true,0,22
U102197,2019-02-22,O'Higgins,Providencia,pagado,true,,58
U102607,2022-12-06,VALPARAISO,Puente Alto,pagado,true,1,24
U103102,30-09-2019,Tarapaca,Las Condes,email,true,1,69
U102413,22/11/2020,La Araucania,San Miguel,directo,true,1,21
U101183,2022-02-26,Araucania,Maipú,pagado,true,,58
U100597,13/06/2021,Región Metropolitana,La Serena,directo,false,1,74
U103974,2021-04-10,Biobío,Santiago,organico,true,1,27
U103470,29-01-2023,Coquimbo,Rancagua,pagado,true,0,18
U100519,2020-01-30,Los Lagos,Quilpué,organico,true,0,70
U103531,2019-03-23,Biobio,,organico,true,0,
U102973,2022-07-25,Biobio,Talca,pagado,true,,46
U103145,2024-08-25,Coquimbo,Temuco,,true,0,67
U102005,2024-10-29,Bío Bío,Talca,UNKNOWN,true,0,18
U100414,30/03/2026,Region Metropolitana,La Serena,referido,true,1,70
U100396,2025-06-06,Ohiggins,Viña del Mar,UNKNOWN,,1,32
U103918,2026-04-28,BIOBIO,Las Condes,organico,true,,69
U101733,2022-08-26,Coquimbo,Temuco,pagado,true,1,23
U103085,07-03-2025,Libertador B. O'Higgins,La Florida,directo,true,1,55
U101921,2024-03-28,Tarapacá,Viña del Mar,directo,true,,57
U101355,2021-01-28,Valparaiso,Concepción,directo,true,0,21
U101595,2025-01-13,Maule,Rancagua,organico,,1,67
U102435,02/12/2020,Los Lagos,,email,true,,64
U103666,2019-03-08,Del Maule,,email,true,0,
U101153,2026-06-27,Coquimbo,Las Condes,organico,true,0,54
U103297,2026-01-17,COQUIMBO,Rancagua,pagado,true,,59
U103661,06/08/2019,Coquimbo,Quilpué,pagado,true,1,22
U100839,2026-05-22,COQUIMBO,Iquique,pagado,true,1,50
U103562,23-11-2023,V region,Rancagua,organico,true,1,40
U103224,2024-12-23,Coquimbo,Temuco,email,true,1,43
U102325,2026-02-25,Región Metropolitana,Talca,referido,true,1,56
U101290,2019-11-17,Libertador B. O'Higgins,Antofagasta,UNKNOWN,true,1,74
U100450,2019-03-12,VALPARAISO,Antofagasta,directo,true,0,32
U100340,2024-05-02,Antofagasta,San Miguel,directo,true,1,62
U101852,2022-01-30,Biobío,La Florida,pagado,true,0,69
U103053,05/01/2026,O'Higgins,San Miguel,UNKNOWN,true,1,64
U103220,2022-05-26,V region,Talca,organico,true,0,0
U102085,2023-12-19,Valparaiso,Talca,pagado,true,1,56
U100319,2024-08-02,COQUIMBO,Antofagasta,directo,false,0,72
U103439,2020-10-15,Araucania,,referido,true,1,46
U100381,2020-11-02,Bío Bío,Puerto Montt,UNKNOWN,true,0,41
U103679,08/03/2022,Biobio,Viña del Mar,email,true,,26
U103441,2023-08-16,Tarapacá,Las Condes,organico,true,1,27
U102123,2027-09-05,antofagasta,Rancagua,organico,true,1,65
U101064,2024-12-09,BIOBIO,La Florida,organico,true,0,48
U103450,10/04/2026,Tarapaca,Puente Alto,directo,false,1,
U103168,2026-01-11,COQUIMBO,Viña del Mar,organico,,0,57
U100819,07/06/2021,R. Metropolitana,San Miguel,pagado,true,,39
U101155,2021-01-13,antofagasta,,organico,false,,19
U102831,2019-12-01,Bio-Bio,Puente Alto,directo,true,1,62
U100815,2024-06-29,Coquimbo,La Serena,organico,true,0,72
U102988,2026-02-24,Libertador B. O'Higgins,Providencia,organico,false,,0
U103417,08-05-2021,VALPARAISO,Antofagasta,organico,true,,43
U102598,2025-10-18,Araucania,Puerto Montt,organico,,1,42
U101721,2026-04-12,antofagasta,Ñuñoa,UNKNOWN,true,,
U102524,2020-08-11,COQUIMBO,Concepción,organico,true,0,37
U102846,11-04-2019,Ohiggins,Rancagua,pagado,true,1,18
U100068,2022-03-12,antofagasta,Temuco,pagado,true,0,54
U100442,24/04/2021,Tarapacá,Antofagasta,pagado,true,1,62
U101575,30-06-2025,Antofagasta,Viña del Mar,organico,false,0,21
U100786,2022-08-23,Ohiggins,Santiago,pagado,true,0,70
U100878,2025-11-29,VALPARAISO,Maipú,email,true,1,58
U103726,19/10/2023,Tarapaca,La Florida,email,true,1,19
U100905,2022-09-23,metropolitana,La Serena,organico,true,1,72
U100595,2019-05-09,La Araucania,La Serena,organico,true,0,73
U101784,07/05/2026,Biobio,,organico,true,1,56
U102636,2021-04-18,Bio-Bio,Iquique,directo,,0,30
U103505,06/09/2024,antofagasta,Quilpué,organico,true,1,33
U100890,2025-07-30,Antofagasta,Ñuñoa,organico,true,1,65
U101104,2021-10-10,LOS LAGOS,Puerto Montt,referido,true,0,23
U101478,2024-10-14,Ohiggins,Puente Alto,pagado,true,,33
U100492,2022-01-15,Los Lagos,La Serena,pagado,true,,58
U101369,2024-04-24,VALPARAISO,,organico,true,,43
U103919,2021-03-30,Maule,Iquique,directo,true,1,22
U103976,2024-05-19,Del Maule,Iquique,pagado,false,1,57
U101911,20/03/2022,maule,Viña del Mar,email,true,,26
U103218,2025-06-28,Bio-Bio,San Miguel,pagado,,0,64
U101819,2020-10-28,Libertador B. O'Higgins,La Serena,referido,true,1,42
U100961,2021-10-30,O'Higgins,Quilpué,pagado,true,0,62
U101372,25-11-2022,Araucanía,Antofagasta,directo,true,1,26
U101080,2019-06-08,Coquimbo,Puerto Montt,organico,true,0,24
U100567,2022-09-15,antofagasta,,organico,true,0,52
U101095,2025-01-20,Araucanía,Providencia,directo,true,1,68
U103121,2024-02-12,Libertador B. O'Higgins,Concepción,directo,true,,43
U100375,2022-01-08,Antofagasta,Iquique,pagado,true,,19
U100221,2023-11-21,los lagos,Providencia,UNKNOWN,true,,63
U103511,2026-07-21,Bío Bío,La Florida,directo,false,1,31
U100388,2022-07-28,Tarapaca,Santiago,referido,false,1,50
U100762,2021-06-30,Coquimbo,San Miguel,organico,true,0,
U103170,2021-08-22,R. Metropolitana,Talca,pagado,true,1,68
U103259,18/03/2022,antofagasta,Temuco,referido,true,1,36
U100831,2019-08-31,Metropolitana,,referido,true,1,50
U103591,2023-08-27,Tarapaca,Concepción,directo,true,1,64
U103360,2026-04-24,COQUIMBO,,pagado,true,1,65
U101686,01/06/2024,maule,Viña del Mar,organico,true,0,59
U102984,2019-07-20,VALPARAISO,Las Condes,referido,true,,54
U102992,2026-01-18,Tarapaca,Las Condes,directo,true,0,32
U100167,2024-04-21,Tarapacá,San Miguel,directo,true,1,30
U101752,24-09-2019,R. Metropolitana,,organico,true,1,46
U100345,2025-02-11,Coquimbo,La Serena,organico,true,0,64
U102602,01-02-2026,VALPARAISO,Concepción,pagado,true,0,0
U103867,2021-11-09,COQUIMBO,Providencia,referido,,1,24
U101806,2025-01-11,Antofagasta,Rancagua,organico,true,0,34
U101984,2020-03-17,R. Metropolitana,Puente Alto,pagado,true,1,56
U102999,21/11/2020,Tarapacá,Concepción,organico,true,,60
U100285,27-12-2020,metropolitana,Talca,email,true,0,60
U102736,26-01-2022,Maule,Iquique,pagado,,,0
U101660,2019-12-01,antofagasta,Maipú,pagado,true,1,31
U103152,2022-01-01,Metropolitana,Concepción,directo,true,0,22
U103432,18/11/2022,Valparaiso,Providencia,pagado,true,0,21
U101906,20-09-2022,maule,Ñuñoa,organico,true,0,39
U101218,2026-07-16,Araucania,,organico,true,1,26
U102154,2019-04-08,Tarapaca,Santiago,organico,true,0,65
U101684,2022-10-23,Antofagasta,Puente Alto,organico,true,1,27
U101139,2021-08-18,Tarapacá,Quilpué,pagado,true,,49
U103538,2020-07-26,Del Maule,Antofagasta,,true,0,39
U101786,2025-11-26,Ohiggins,Las Condes,pagado,true,1,34
U103709,2020-12-20,Araucania,Concepción,pagado,true,1,38
U100788,2023-06-29,Coquimbo,Antofagasta,directo,true,1,18
U102322,2025-04-11,Valparaíso,La Serena,referido,true,0,28
U102915,2020-11-21,VALPARAISO,,directo,true,1,73
U101861,2019-06-19,Tarapaca,,pagado,,0,23
U101515,2020-03-01,COQUIMBO,Las Condes,directo,true,0,46
U101715,2026-05-29,metropolitana,Viña del Mar,referido,true,1,18
U101738,2022-06-14,antofagasta,,directo,true,0,30
U103662,28-07-2024,Araucania,,organico,true,0,18
U102785,2025-03-15,Libertador B. O'Higgins,La Serena,pagado,true,0,999
U100585,2020-01-26,antofagasta,Talca,email,false,0,64
U103048,20/10/2020,Antofagasta,Viña del Mar,email,true,1,61
U100512,2020-07-22,Bío Bío,Providencia,pagado,true,1,49
U100793,12-10-2023,Antofagasta,Antofagasta,directo,true,1,65
U101207,2025-03-21,Tarapaca,Viña del Mar,referido,true,1,37
U101016,2023-01-07,los lagos,Las Condes,pagado,true,1,38
U100588,26-02-2020,VALPARAISO,Viña del Mar,directo,true,0,41
U101749,24/10/2020,V region,Viña del Mar,,true,1,999
U102271,2023-06-13,O'Higgins,Puente Alto,directo,true,,28
U101652,2021-05-26,Los Lagos,Antofagasta,email,true,,23
U102593,2022-10-26,O'Higgins,Temuco,pagado,true,0,42
U103780,19/10/2019,COQUIMBO,Rancagua,organico,true,,54
U102964,06/01/2025,los lagos,Las Condes,organico,true,1,71
U103901,22/06/2023,antofagasta,Santiago,directo,true,1,44
U102677,2020-03-06,Tarapaca,Rancagua,pagado,true,1,45
U102337,09/04/2021,Tarapaca,Las Condes,organico,true,,45
U101125,19-05-2023,Coquimbo,La Florida,referido,true,1,58
U100434,13-06-2019,Metropolitana,Quilpué,,true,0,37
U103942,09/04/2021,Biobío,La Serena,organico,true,1,25
U101221,2022-12-27,Antofagasta,Las Condes,directo,true,,21
U100029,2025-09-28,Biobio,Las Condes,organico,true,1,70
U102768,2023-01-08,antofagasta,San Miguel,pagado,true,0,50
U103691,03/09/2020,Ohiggins,Ñuñoa,pagado,true,1,50
U101236,24/05/2026,Antofagasta,Providencia,pagado,true,0,65
U100194,2020-10-30,La Araucania,San Miguel,directo,true,0,61
U101777,2019-03-03,Valparaiso,Antofagasta,organico,false,0,58
U103950,11-10-2025,Libertador B. O'Higgins,Providencia,,true,0,37
U102063,01/07/2022,Tarapacá,Puerto Montt,pagado,,0,52
U102601,2025-04-20,Del Maule,Santiago,UNKNOWN,true,1,74
U100679,2023-01-05,Antofagasta,San Miguel,organico,true,1,
U103326,2025-11-14,Tarapaca,Las Condes,UNKNOWN,true,0,52
U100162,2023-05-29,Valparaíso,Talca,directo,true,1,66
U103337,2024-06-16,Antofagasta,Antofagasta,email,true,0,74
U100141,2023-12-29,Coquimbo,Puerto Montt,directo,true,1,37
U101568,2021-09-16,maule,Maipú,directo,true,1,61
U103465,2024-01-16,La Araucania,,pagado,true,0,41
U103466,2024-06-27,BIOBIO,Antofagasta,organico,true,1,61
U103715,11/01/2022,Antofagasta,Talca,organico,true,1,54
U100102,23-06-2020,metropolitana,Antofagasta,,true,0,42
U102368,2024-02-07,Biobío,Puerto Montt,directo,true,,60
U101392,2021-08-06,Region Metropolitana,Rancagua,directo,true,1,51
U100795,27/08/2019,antofagasta,,,false,1,71
U100332,2026-02-20,Coquimbo,,directo,true,,46
U100351,2023-01-17,antofagasta,Ñuñoa,directo,true,1,53
U101880,2021-04-27,Los Lagos,Maipú,organico,true,,64
U101347,2023-10-07,LOS LAGOS,Quilpué,pagado,true,1,0
U103103,13-03-2026,Araucanía,Las Condes,organico,,1,21
U101074,2025-03-25,Del Maule,Ñuñoa,directo,true,,43
U103165,2023-08-03,Libertador B. O'Higgins,Concepción,directo,true,0,43
U101031,2019-09-05,LOS LAGOS,Maipú,,true,1,42
U103416,2025-07-04,Region Metropolitana,Antofagasta,directo,true,1,69
U103639,06-11-2024,Los Lagos,La Florida,email,true,0,33
U103912,2025-09-01,Tarapaca,Puerto Montt,directo,true,0,70
U103545,2022-09-07,Libertador B. O'Higgins,Las Condes,organico,true,1,56
U100696,2019-04-12,LOS LAGOS,Concepción,email,true,0,70
U102680,14/05/2019,V region,Maipú,organico,true,1,27
U101072,2024-10-24,COQUIMBO,Santiago,UNKNOWN,true,1,-17
U101820,2020-09-11,Tarapacá,La Florida,organico,true,1,18
U103558,26/02/2020,Ohiggins,Temuco,organico,true,0,72
U100417,2021-08-30,Valparaiso,Iquique,pagado,true,0,64
U102428,2020-12-07,Metropolitana,Maipú,directo,true,1,70
U102152,2026-07-03,O'Higgins,Ñuñoa,email,true,1,37
U101037,2023-02-19,Los Lagos,Antofagasta,pagado,true,0,67
U102346,2023-08-07,Region Metropolitana,Santiago,pagado,true,1,28
U100293,2021-03-27,BIOBIO,Viña del Mar,pagado,true,1,0
U102847,08/08/2024,Araucania,Quilpué,referido,false,,45
U101800,10-03-2019,los lagos,Maipú,pagado,true,,68
U101226,2026-02-04,COQUIMBO,Puente Alto,,true,1,34
U102731,2022-07-05,BIOBIO,Talca,organico,true,,25
U101449,2025-02-21,Antofagasta,Maipú,organico,true,1,34
U100312,18-09-2023,maule,Puente Alto,UNKNOWN,true,1,28
U100631,13/06/2022,Ohiggins,,pagado,true,1,57
U101213,05-06-2023,Tarapacá,Puerto Montt,organico,true,1,38
U101200,2025-07-13,Antofagasta,La Florida,pagado,true,,72
U101413,2025-12-15,Ohiggins,Quilpué,organico,true,1,22
U101274,2022-07-14,Coquimbo,Talca,pagado,true,1,36
U100863,2020-03-11,Valparaíso,Providencia,directo,true,,37
U100180,14-06-2021,Región Metropolitana,La Serena,directo,true,0,60
U103551,2020-04-18,Metropolitana,Santiago,organico,true,1,51
U102007,06/10/2022,Coquimbo,Temuco,directo,true,1,53
U102857,13/09/2019,V region,Puerto Montt,organico,true,0,35
U103886,26/03/2020,Araucanía,Ñuñoa,UNKNOWN,true,1,57
U101237,09/07/2020,Tarapacá,Rancagua,pagado,true,1,48
U102281,05-05-2024,V region,,organico,true,1,25
U100066,02/04/2022,Antofagasta,Concepción,email,true,1,0
U102908,2022-08-03,Antofagasta,La Serena,organico,true,1,40
U102918,22/10/2022,Maule,Iquique,pagado,true,1,60
U103431,30-09-2022,Maule,La Florida,pagado,true,1,63
U100239,2021-02-27,maule,Iquique,UNKNOWN,true,1,47
U100746,23/02/2024,COQUIMBO,Puerto Montt,organico,true,1,65
U103904,2026-04-01,Metropolitana,La Serena,pagado,true,1,49
U102672,18/06/2024,Tarapacá,Quilpué,UNKNOWN,true,1,28
U103256,2023-10-26,O'Higgins,Puente Alto,email,false,,35
U102612,2023-10-22,Maule,Temuco,pagado,true,1,66
U100097,24/05/2023,Coquimbo,Puerto Montt,pagado,false,1,40
U101632,2022-10-27,Bío Bío,Ñuñoa,organico,true,,63
U101964,21/08/2023,antofagasta,La Florida,referido,true,1,24
U100547,2019-11-30,LOS LAGOS,Rancagua,organico,false,0,
U102217,2024-07-07,antofagasta,Puente Alto,email,true,1,18
U102225,2020-02-14,antofagasta,,directo,true,1,
U100712,2023-01-11,Valparaiso,Providencia,directo,true,,18
U103049,2020-11-09,Araucania,Ñuñoa,organico,true,1,74
U100436,27-05-2020,Bio-Bio,Iquique,organico,true,1,68
U101527,09-08-2020,O'Higgins,Maipú,email,true,1,44
U100094,2025-11-22,Del Maule,Talca,,true,,19
U103055,21-06-2026,Maule,Temuco,pagado,true,0,68
U101115,2020-10-03,Del Maule,Viña del Mar,directo,true,1,40
U100265,2024-10-23,COQUIMBO,San Miguel,pagado,true,,45
U103221,09/11/2024,antofagasta,Viña del Mar,email,true,0,51
U101707,2020-03-30,Biobio,La Serena,organico,true,1,
U101494,2019-02-22,los lagos,Puente Alto,directo,true,1,74
U100041,2024-05-23,Los Lagos,Iquique,referido,true,1,21
U101232,2021-09-20,Antofagasta,Temuco,directo,true,0,43
U102747,2024-07-03,Araucania,Quilpué,pagado,true,0,60
U100780,2025-07-22,RM,Antofagasta,directo,true,1,28
U100633,12/04/2023,Araucania,La Florida,organico,true,0,54
U100904,2023-05-10,Bío Bío,San Miguel,organico,true,0,68
U100738,26/10/2020,O'Higgins,Puerto Montt,pagado,true,1,52
U100419,2024-08-30,Araucania,Concepción,pagado,true,0,28
U101149,2021-05-22,maule,Puente Alto,pagado,true,,58
U102729,2025-04-24,antofagasta,Puerto Montt,organico,true,1,53
U103133,2025-02-21,Maule,Talca,organico,true,1,25
U102804,2024-03-27,Tarapaca,,directo,true,0,27
U103874,13/02/2021,Región Metropolitana,Rancagua,directo,true,0,68
U103435,2021-03-21,Antofagasta,Las Condes,referido,true,1,26
U101589,2026-07-24,O'Higgins,,,true,1,51
U103781,2021-06-12,Tarapacá,Viña del Mar,directo,true,1,45
U102015,2023-03-23,Araucania,Temuco,organico,true,1,38
U103961,06/04/2020,La Araucania,Temuco,organico,true,,58
U103271,2024-09-02,Araucania,,email,true,1,42
U103980,2024-02-18,maule,San Miguel,referido,true,0,43
U103696,2022-12-25,Antofagasta,San Miguel,organico,true,1,31
U103172,17/07/2022,Los Lagos,San Miguel,organico,true,0,46
U102652,2025-09-10,Araucania,La Serena,directo,true,1,36
U100558,2024-07-04,Del Maule,Puente Alto,directo,true,0,18
U101785,2021-07-18,Tarapaca,,email,true,0,68
U103814,2019-11-03,Araucania,La Florida,directo,true,0,27
U101729,2019-04-14,Tarapacá,Puente Alto,organico,true,1,-30
U100286,2023-03-10,Valparaíso,,pagado,false,1,63
U102664,2023-06-29,Tarapacá,Maipú,,true,1,31
U102284,2020-08-03,Libertador B. O'Higgins,Rancagua,directo,true,,52
U103749,15/03/2025,Bio-Bio,Providencia,directo,true,1,55
U100790,2021-08-23,COQUIMBO,La Serena,organico,true,1,30
U101001,2026-06-29,Araucania,Maipú,pagado,true,1,32
U100242,2022-09-01,Araucanía,Antofagasta,directo,false,1,41
U101844,2023-09-30,Tarapacá,,directo,true,0,31
U100072,27-08-2024,RM,Antofagasta,organico,true,,
U101862,2020-12-14,los lagos,La Serena,,true,1,46
U102626,2026-07-12,Maule,Temuco,organico,true,0,52
U101173,01-05-2019,antofagasta,Puente Alto,organico,false,0,65
U103408,2021-07-17,V region,San Miguel,organico,,1,34
U102945,2025-01-20,Libertador B. O'Higgins,Puerto Montt,UNKNOWN,true,0,43
U101332,2019-08-28,Coquimbo,Talca,UNKNOWN,false,1,28
U101480,2022-07-15,los lagos,Viña del Mar,directo,true,1,18
U103051,07/06/2020,COQUIMBO,La Serena,directo,true,1,37
U103753,2021-05-04,COQUIMBO,La Serena,directo,false,,72
U100898,10/04/2022,los lagos,San Miguel,pagado,true,1,53
U100083,2019-03-22,Metropolitana,Las Condes,UNKNOWN,true,0,29
U101873,08/03/2025,COQUIMBO,Iquique,directo,true,0,
U102588,2024-03-11,O'Higgins,Talca,organico,false,1,62
U101443,2020-12-20,COQUIMBO,Iquique,pagado,true,0,69
U103276,2025-04-09,Antofagasta,Viña del Mar,UNKNOWN,true,1,70
U102174,2025-10-17,Coquimbo,La Florida,pagado,false,1,
U103638,16/03/2021,Ohiggins,Puente Alto,referido,,1,0
U101438,2024-04-17,maule,,directo,true,0,31
U102294,2020-01-26,Valparaíso,Providencia,email,,,46
U103163,2019-12-29,Valparaíso,La Serena,organico,true,0,29
U102971,2020-04-19,Tarapaca,Providencia,organico,true,,50
U102675,2024-03-30,Libertador B. O'Higgins,Puerto Montt,email,true,1,44
U102650,2019-07-07,Biobio,Antofagasta,organico,false,1,999
U101700,2026-05-25,Los Lagos,Iquique,pagado,true,0,57
U102889,23-05-2025,COQUIMBO,Maipú,organico,,1,69
U103037,2023-08-27,V region,La Serena,email,true,0,21
U101520,05-01-2021,Biobio,Providencia,pagado,true,0,51
U100978,2020-04-01,Region Metropolitana,Rancagua,directo,true,1,31
U102859,2025-02-17,Tarapacá,Providencia,pagado,true,0,51
U103151,2023-02-13,Metropolitana,Puente Alto,pagado,,1,29
U101176,05-03-2019,Tarapaca,Rancagua,pagado,true,1,60
U100355,04/09/2024,Maule,Temuco,organico,true,1,62
U100460,2022-02-10,VALPARAISO,Concepción,directo,true,,53
U103920,2025-11-29,La Araucania,Maipú,UNKNOWN,true,,38
U102812,09/03/2024,Region Metropolitana,La Serena,referido,true,1,35
U101410,03-11-2019,Tarapacá,Puente Alto,pagado,true,1,49
U103677,2019-10-03,Tarapaca,,referido,true,1,28
U102841,2023-08-29,maule,La Serena,directo,true,1,0
U102146,20-03-2019,Bio-Bio,Providencia,pagado,true,1,62
U100294,2024-05-12,Del Maule,Concepción,organico,false,,49
U103108,2024-01-02,antofagasta,La Florida,pagado,true,1,61
U101017,2021-07-29,LOS LAGOS,Rancagua,,true,1,68
U101002,2019-12-19,Bio-Bio,,organico,true,1,61
U102303,2025-06-30,COQUIMBO,Iquique,organico,true,1,41
U100699,2027-08-26,Tarapaca,Quilpué,organico,true,0,72
U103914,2026-06-10,Araucanía,Santiago,directo,true,0,65
U100385,28/09/2024,los lagos,Puerto Montt,pagado,true,1,21
U102631,2026-04-25,Ohiggins,Quilpué,directo,true,1,37
U100710,2019-03-24,Del Maule,San Miguel,organico,true,,49
U101552,08/08/2024,Del Maule,Las Condes,directo,true,1,70
U103787,2022-12-16,Metropolitana,Quilpué,UNKNOWN,true,,53
U100652,13/08/2022,Del Maule,La Serena,email,true,1,65
U102166,2019-08-09,Los Lagos,Puerto Montt,directo,true,1,60
U102376,2023-07-31,Maule,,UNKNOWN,true,1,
U102449,2021-01-25,Maule,Ñuñoa,,true,1,55
U100700,2019-03-27,RM,,,true,1,68
U103178,2020-11-08,Coquimbo,Ñuñoa,pagado,true,0,69
U101178,2022-07-21,Tarapacá,Quilpué,organico,true,,54
U102232,2024-01-12,RM,Talca,organico,true,1,72
U101488,2025-10-03,Maule,Antofagasta,organico,true,1,
U103650,2025-10-28,Región Metropolitana,Concepción,referido,true,1,32
U100824,2020-03-08,COQUIMBO,Quilpué,pagado,true,0,57
U103142,2023-02-10,los lagos,Concepción,pagado,true,0,19
U102832,2021-05-15,Bío Bío,Concepción,email,true,1,60
U103741,2022-08-04,Del Maule,Quilpué,directo,true,0,38
U103415,24/01/2026,antofagasta,Las Condes,directo,true,0,38
U100605,20/01/2021,maule,Ñuñoa,email,true,1,27
U100183,2022-04-02,O'Higgins,,organico,true,1,33
U103118,2022-03-01,Antofagasta,Talca,pagado,true,0,23
U100271,2025-04-27,Maule,Rancagua,email,true,,
U100113,2024-07-29,Tarapaca,La Serena,pagado,true,,49
U100687,2022-06-17,Araucania,Puerto Montt,directo,true,1,47
U101317,2025-11-28,Libertador B. O'Higgins,Quilpué,directo,true,1,38
U102199,22-09-2021,Coquimbo,Las Condes,email,true,1,28
U103676,2024-05-23,Libertador B. O'Higgins,Concepción,email,true,0,46
U103570,16/07/2025,COQUIMBO,La Serena,pagado,false,1,29
U103323,2023-11-07,Biobio,Puerto Montt,directo,true,0,40
U101860,2019-10-12,Tarapacá,San Miguel,organico,false,1,31
U103735,2020-01-11,Tarapaca,Viña del Mar,organico,true,0,56
U103026,06-01-2021,Araucania,Las Condes,organico,true,0,20
U102004,27-04-2022,Bio-Bio,Rancagua,email,true,0,43
U103725,2019-08-19,Tarapaca,Santiago,organico,true,1,56
U103955,24/04/2021,VALPARAISO,Iquique,pagado,true,1,56
U103966,2020-04-30,VALPARAISO,Santiago,pagado,true,1,32
U101836,05-08-2021,Valparaíso,Concepción,pagado,true,,72
U100662,23-06-2019,Coquimbo,Temuco,pagado,true,1,68
U103401,2025-05-11,VALPARAISO,La Serena,directo,true,1,43
U102620,10-08-2020,Libertador B. O'Higgins,Concepción,organico,true,0,72
U103242,2025-02-03,Tarapacá,Providencia,organico,true,1,31
U102695,2025-01-19,Araucania,Quilpué,organico,false,1,72
U101353,2024-01-10,La Araucania,Iquique,email,true,0,25
U103768,28/04/2021,maule,Las Condes,referido,true,0,27
U101670,2021-05-17,Valparaiso,La Serena,directo,true,,54
U103699,14/08/2021,Antofagasta,Santiago,pagado,true,0,74
U100329,2024-09-24,Del Maule,La Florida,email,true,1,63
U102814,2019-08-16,LOS LAGOS,Las Condes,referido,true,0,68
U103186,2024-10-15,O'Higgins,Las Condes,referido,true,1,
U100716,2022-04-11,Tarapacá,Iquique,pagado,true,0,73
U101168,2023-08-11,Tarapacá,Maipú,pagado,true,0,48
U103690,05/02/2019,Coquimbo,Maipú,organico,true,1,73
U101669,12/02/2020,Tarapaca,La Florida,organico,true,,
U102891,2024-02-19,Tarapacá,Maipú,organico,true,1,50
U100449,2020-12-27,Araucania,,email,true,0,20
U102772,12/11/2021,Coquimbo,Viña del Mar,referido,true,,60
U102423,27/06/2020,Tarapacá,La Florida,organico,true,0,18
U102866,2026-05-25,RM,Rancagua,email,true,0,64
U100545,24/04/2025,Araucania,Viña del Mar,pagado,true,,66
U101962,09/09/2024,Maule,Concepción,organico,true,1,18
U100861,2026-02-27,Coquimbo,Las Condes,referido,true,1,56
U101585,04/09/2021,Bío Bío,La Florida,email,true,0,68
U102177,04/01/2025,Maule,Puerto Montt,organico,,1,74
U101833,2020-08-29,Metropolitana,Viña del Mar,UNKNOWN,true,1,53
U103410,2021-09-28,los lagos,Rancagua,email,true,0,37
U101598,22-05-2019,Antofagasta,Talca,UNKNOWN,false,,30
U100875,06-02-2020,Biobio,Quilpué,pagado,true,0,42
U102142,09/12/2022,Tarapaca,Maipú,pagado,false,0,21
U100274,2019-01-19,antofagasta,Maipú,UNKNOWN,true,1,27
U101534,2024-11-02,Region Metropolitana,Antofagasta,organico,true,1,
U103280,07-08-2024,Tarapaca,Santiago,organico,true,0,48
U103173,2022-01-08,Tarapaca,Puente Alto,email,true,0,32
U103861,2022-12-28,Los Lagos,,organico,false,1,51
U100253,2023-10-09,La Araucania,San Miguel,pagado,true,0,48
U100953,2021-10-31,COQUIMBO,Antofagasta,organico,,0,42
U101242,2025-08-24,Bío Bío,Puente Alto,email,true,0,53
U103476,11-02-2022,Metropolitana,Concepción,pagado,true,0,64
U101936,12/04/2020,COQUIMBO,Puerto Montt,directo,true,0,62
U100353,20/11/2024,Tarapaca,La Florida,,true,1,62
U102983,2019-09-27,Del Maule,Ñuñoa,email,false,,0
U103095,2023-05-16,maule,Providencia,organico,,1,46
U103672,2022-09-26,Ohiggins,Ñuñoa,organico,true,1,47
U102735,2024-10-05,Antofagasta,Antofagasta,organico,false,1,57
U101485,2023-09-07,Tarapacá,Las Condes,UNKNOWN,true,1,55
U102388,2020-03-15,Region Metropolitana,La Serena,directo,false,0,24
U103032,23/08/2024,LOS LAGOS,Iquique,pagado,true,1,41
U102033,23-03-2022,Bio-Bio,Providencia,pagado,true,0,35
U103305,25-05-2021,V region,Rancagua,UNKNOWN,false,,47
U101272,2023-07-19,COQUIMBO,Antofagasta,organico,true,0,59
U103146,2021-04-03,Tarapacá,Talca,directo,true,,67
U102289,2023-02-04,COQUIMBO,San Miguel,UNKNOWN,true,1,42
U101362,2026-02-14,Araucanía,Viña del Mar,directo,true,0,69
U101673,2020-11-05,Biobío,Puerto Montt,email,true,0,66
U102749,2021-02-23,BIOBIO,Temuco,pagado,true,0,62
U100461,2023-02-17,Bio-Bio,Las Condes,email,true,0,29
U103737,02/05/2024,maule,,email,true,1,72
U102532,12/03/2019,Ohiggins,San Miguel,directo,true,1,41
U102308,13/03/2021,O'Higgins,San Miguel,email,true,1,55
U102734,2019-03-06,V region,Providencia,pagado,true,1,
U101105,04/11/2022,Araucanía,Rancagua,directo,true,0,50
U101874,22/07/2023,Tarapacá,Antofagasta,directo,true,0,25
U102610,2024-03-06,Coquimbo,Temuco,organico,true,,45
U102784,21-05-2022,Coquimbo,Santiago,directo,true,0,
U100743,2026-03-12,Libertador B. O'Higgins,Temuco,pagado,true,0,74
U100850,2019-08-22,Coquimbo,Antofagasta,directo,true,1,50
U102212,2019-01-13,Coquimbo,Antofagasta,organico,true,,21
U103292,2020-05-22,Tarapaca,Iquique,pagado,true,1,55
U100913,2024-02-21,Tarapaca,Puente Alto,email,,,0
U102511,2019-05-27,Tarapacá,Santiago,directo,true,1,40
U102047,02-04-2019,maule,Santiago,directo,false,1,45
U101766,2024-05-20,Biobío,Las Condes,email,,1,66
U102421,2022-01-14,Ohiggins,San Miguel,UNKNOWN,true,,72
U101460,2026-01-04,Bío Bío,Quilpué,pagado,true,1,61
U102995,14-12-2022,Araucanía,Iquique,organico,true,1,25
U100140,2020-12-27,antofagasta,Maipú,organico,true,0,39
U103792,14/08/2025,Tarapaca,Maipú,email,true,1,0
U101556,20-06-2025,Araucanía,Iquique,directo,true,1,50
U103813,2021-07-09,Tarapaca,Concepción,,true,1,26
U101010,2023-09-25,Biobío,Puerto Montt,organico,true,1,39
U101668,2019-02-17,Biobio,La Florida,email,true,1,34
U103005,2024-11-15,los lagos,Ñuñoa,pagado,true,1,58
U103512,2024-09-13,Bío Bío,Temuco,pagado,true,0,
U100964,2026-07-01,Biobio,Concepción,directo,true,1,32
U101442,2026-02-24,Araucanía,Maipú,organico,true,0,49
U103717,07/02/2020,Coquimbo,La Florida,organico,true,1,56
U103880,2023-07-05,maule,Rancagua,pagado,false,1,66
U103991,2022-03-17,COQUIMBO,La Florida,organico,true,0,47
U101100,23-12-2020,COQUIMBO,Rancagua,referido,true,0,35
U103289,2022-07-23,Tarapacá,Ñuñoa,email,false,1,19
U100604,09/05/2023,Tarapaca,Concepción,pagado,true,1,18
U100655,2023-05-02,Libertador B. O'Higgins,Maipú,directo,true,0,27
U101501,2021-06-12,Tarapaca,,directo,true,1,52
U101540,15/08/2019,Tarapacá,Viña del Mar,pagado,true,0,53
U100899,10-06-2020,Biobio,Temuco,pagado,true,,47
U100132,2019-11-09,antofagasta,Providencia,organico,true,0,46
U101816,05-10-2025,Tarapacá,Ñuñoa,organico,,1,27
U101398,2025-04-28,O'Higgins,Rancagua,organico,true,1,51
U100177,25/10/2022,Los Lagos,Providencia,organico,false,0,19
U103788,2025-12-16,COQUIMBO,San Miguel,UNKNOWN,true,1,35
U101949,04/10/2022,antofagasta,Quilpué,directo,true,,45
U101446,01-11-2024,RM,Las Condes,referido,true,1,39
U101403,09/11/2019,Araucania,La Serena,directo,false,1,42
U101877,2024-02-05,Los Lagos,Concepción,pagado,false,0,52
U100669,2020-03-12,O'Higgins,Viña del Mar,UNKNOWN,true,0,54
U102203,12/05/2025,Maule,La Serena,organico,true,1,57
U100201,2026-04-06,R. Metropolitana,Temuco,directo,true,0,0
U103589,2022-10-07,Araucanía,Temuco,pagado,true,1,53
U101137,2024-08-21,O'Higgins,Puente Alto,directo,true,1,56
U102701,2020-05-11,Tarapaca,Santiago,organico,true,0,61
U101854,05-02-2024,Araucania,San Miguel,email,true,0,999
U102343,2020-09-20,los lagos,,organico,true,,40
U100416,2020-09-20,maule,Puerto Montt,referido,true,1,39
U101506,2021-10-18,antofagasta,Puerto Montt,pagado,true,1,67
U101937,06-03-2025,Valparaíso,Talca,organico,true,1,47
U102619,2020-02-05,VALPARAISO,Maipú,organico,true,1,49
U103973,25/07/2023,antofagasta,Las Condes,organico,,1,24
U100171,2019-02-16,Ohiggins,La Florida,organico,true,1,35
U100805,14/05/2019,La Araucania,Rancagua,pagado,true,0,31
U101815,2020-02-26,Bío Bío,Viña del Mar,organico,true,,38
U100620,04/11/2024,COQUIMBO,Rancagua,organico,true,1,35
U101516,2025-06-19,los lagos,Santiago,referido,true,1,61
U100745,2019-02-01,Araucanía,San Miguel,,true,,38
U102728,2021-10-13,Tarapaca,La Florida,referido,true,1,25
U100627,2026-06-05,Bío Bío,La Florida,pagado,,1,27
U100552,2025-01-19,RM,Quilpué,directo,true,1,73
U101465,2023-11-05,metropolitana,La Florida,directo,true,1,66
U102470,02-08-2021,maule,Temuco,organico,true,,46
U100753,2024-04-20,COQUIMBO,Iquique,email,true,1,59
U100510,2020-08-30,Coquimbo,Temuco,pagado,false,,48
U100785,21-06-2020,Región Metropolitana,Temuco,organico,true,1,67
U103988,29/04/2020,metropolitana,Ñuñoa,directo,false,0,74
U103832,2025-04-17,R. Metropolitana,Santiago,organico,true,,64
U101549,21/11/2019,Tarapaca,Maipú,organico,true,0,27
U102019,2024-11-10,Antofagasta,Concepción,organico,false,,66
U100969,2025-10-31,Biobio,Rancagua,email,false,,62
U103959,10-06-2026,Biobío,Rancagua,pagado,true,0,73
U103217,2021-12-23,COQUIMBO,Temuco,pagado,false,0,53
U101925,2024-07-01,antofagasta,Puerto Montt,email,true,1,46
U102996,2022-04-28,Region Metropolitana,Providencia,organico,,,
U100100,03-12-2025,Coquimbo,Puente Alto,UNKNOWN,true,,60
U103930,2021-02-15,Coquimbo,Puerto Montt,UNKNOWN,true,1,70
U101680,2024-10-30,R. Metropolitana,Maipú,organico,true,,24
U101883,2019-02-22,maule,Talca,pagado,true,1,51
U102922,13/05/2026,COQUIMBO,San Miguel,referido,true,1,43
U101496,07-11-2021,V region,Rancagua,email,true,,68
U100465,2019-08-23,Antofagasta,,directo,false,0,72
U102559,2021-04-04,Valparaiso,San Miguel,email,true,,
U100660,2021-05-27,Los Lagos,Santiago,organico,true,,21
U102538,14/07/2023,maule,Quilpué,,true,1,0
U101587,25/12/2019,Libertador B. O'Higgins,Providencia,pagado,true,1,37
U101620,2023-03-03,Los Lagos,La Florida,organico,true,1,58
U100756,2023-06-06,COQUIMBO,Ñuñoa,directo,true,1,70
U102408,2026-11-08,los lagos,Temuco,directo,true,1,33
U100562,02-04-2026,Region Metropolitana,Concepción,organico,true,,68
U103760,10/08/2020,Bío Bío,Talca,email,true,1,19
U101308,27-12-2019,Valparaiso,,directo,false,1,21
U101532,21/03/2022,Coquimbo,Providencia,email,true,1,28
U100251,2026-01-14,Maule,Talca,directo,true,0,19
U100900,2021-12-09,Tarapacá,,organico,true,,68
U100400,2022-07-05,Araucanía,Las Condes,organico,true,1,18
U100423,2026-06-29,La Araucania,Quilpué,email,true,0,70
U103358,2023-11-24,Araucanía,Santiago,directo,true,,74
U100150,2021-04-26,Valparaiso,La Florida,pagado,true,0,66
U101797,2024-06-14,Coquimbo,Puente Alto,pagado,true,1,69
U102224,2025-11-17,Libertador B. O'Higgins,,organico,true,1,40
U103245,2023-09-05,Bio-Bio,Santiago,organico,true,1,65
U100811,14/07/2022,Tarapaca,,organico,true,1,61
U101402,2022-08-19,Ohiggins,Quilpué,organico,true,1,70
U100176,2020-04-24,La Araucania,San Miguel,pagado,true,1,46
U102624,27/05/2021,Coquimbo,Quilpué,organico,true,0,19
U100931,25-04-2019,Coquimbo,Temuco,organico,true,1,73
U103467,2021-01-29,Tarapacá,La Florida,pagado,true,0,50
U101415,05/04/2025,V region,Talca,directo,true,1,66
U100410,17-01-2025,O'Higgins,Concepción,organico,true,1,23
U100578,2023-01-26,Bío Bío,Temuco,pagado,true,,53
U100467,2020-05-04,Coquimbo,Rancagua,directo,true,,43
U102821,2019-07-19,Del Maule,Viña del Mar,pagado,true,1,32
U102674,2024-07-10,antofagasta,Talca,directo,false,,42
U102191,15/03/2025,Antofagasta,Santiago,directo,true,,28
U103300,2021-11-10,BIOBIO,Puerto Montt,email,false,1,37
U100338,2023-04-29,Araucanía,Puerto Montt,organico,true,1,44
U100586,10/11/2024,Araucania,,directo,true,,59
U100638,2022-12-18,Bío Bío,Santiago,organico,true,1,999
U101514,2021-12-10,Ohiggins,Santiago,directo,true,0,40
U103129,2024-03-07,Ohiggins,Puerto Montt,directo,true,1,999
U102566,15-08-2020,maule,Quilpué,email,true,1,65
U102923,2024-08-22,maule,San Miguel,pagado,true,1,55
U103945,2020-02-26,Valparaíso,Viña del Mar,organico,false,0,74
U100174,02-01-2025,R. Metropolitana,Concepción,organico,true,0,33
U102955,2025-06-24,Antofagasta,Providencia,UNKNOWN,false,1,37
U102434,2022-11-08,Valparaiso,Las Condes,organico,true,1,41
U100666,04/03/2024,Valparaiso,Ñuñoa,email,true,,24
U100458,2026-07-19,Tarapacá,Puerto Montt,directo,true,,59
U103846,2023-05-12,Libertador B. O'Higgins,Las Condes,email,true,1,18
U101891,10/10/2022,Antofagasta,Temuco,pagado,true,1,
U102336,2021-05-03,Libertador B. O'Higgins,Ñuñoa,organico,true,1,24
U100331,2019-11-01,Valparaiso,Puente Alto,organico,true,1,50
U101690,2022-09-17,Ohiggins,Maipú,pagado,true,0,39
U103586,2022-09-10,metropolitana,Quilpué,pagado,true,1,19
U100008,2024-08-03,Los Lagos,La Florida,,true,1,66
U102361,2025-10-11,LOS LAGOS,Providencia,referido,true,1,45
U102475,2022-10-29,Valparaíso,Santiago,UNKNOWN,true,1,999
U101584,2019-08-09,La Araucania,Puerto Montt,directo,true,1,38
U103844,2024-04-05,Maule,Concepción,directo,true,1,
U103862,2026-02-01,maule,Ñuñoa,pagado,true,0,56
U101910,17/07/2024,Biobío,Temuco,directo,true,1,54
U100757,2025-04-28,Bio-Bio,Temuco,organico,true,,59
U100918,2024-10-11,Antofagasta,Santiago,organico,true,1,20
U103212,2022-01-16,Tarapacá,Maipú,email,true,,18
U101296,2025-07-16,metropolitana,Puerto Montt,organico,true,1,50
U101471,02/04/2024,LOS LAGOS,,organico,true,1,69
U103265,2020-11-20,Araucania,Talca,organico,true,1,69
U101441,14/02/2026,Libertador B. O'Higgins,Providencia,email,true,,59
U100886,2026-03-07,COQUIMBO,La Serena,pagado,true,0,
U102809,2021-10-07,Coquimbo,Quilpué,pagado,true,,66
U103296,2020-10-05,VALPARAISO,,directo,true,1,22
U103561,2023-12-30,antofagasta,Iquique,directo,true,,24
U101849,03-02-2022,BIOBIO,Ñuñoa,pagado,true,1,19
U102220,2026-04-18,Antofagasta,Rancagua,organico,true,0,67
U100740,05/02/2023,COQUIMBO,Talca,pagado,true,1,69
U102998,31/12/2022,los lagos,Puerto Montt,organico,true,0,60
U103402,2025-07-02,COQUIMBO,Concepción,referido,,0,24
U102298,13-11-2022,Coquimbo,Santiago,directo,true,0,56
U100547,2019-11-30,LOS LAGOS,Rancagua,organico,false,0,
U100517,2022-04-01,los lagos,Ñuñoa,organico,,1,45
U102682,2023-12-08,RM,Santiago,email,true,0,50
U103890,2023-01-20,antofagasta,Maipú,directo,true,1,53
U100851,25-01-2019,BIOBIO,Rancagua,pagado,true,,20
U102584,06/12/2022,Valparaíso,Providencia,pagado,true,,34
U102447,2024-01-16,Tarapaca,Antofagasta,organico,true,1,54
U103926,14-08-2023,Ohiggins,San Miguel,organico,true,0,44
U102795,2027-03-14,Tarapaca,Puerto Montt,email,false,0,41
U100398,2020-08-09,Araucania,Concepción,email,true,,40
U100053,2025-02-18,maule,Iquique,pagado,true,0,0
U102982,2025-02-26,Tarapaca,Rancagua,pagado,true,1,45
U101508,2026-02-05,Bio-Bio,Viña del Mar,directo,true,1,51
U101618,2023-10-06,antofagasta,La Florida,organico,true,1,36
U101609,2026-05-18,Araucanía,Iquique,pagado,false,1,
U101422,2021-07-23,Tarapacá,Puente Alto,organico,true,1,38
U100304,24/04/2020,metropolitana,La Florida,directo,true,1,63
U103658,2022-12-14,Tarapaca,,email,false,1,36
U100187,2025-04-28,COQUIMBO,Santiago,organico,true,0,68
U101275,2026-07-29,Ohiggins,Talca,organico,,1,19
U103642,2022-06-29,Tarapaca,Santiago,pagado,true,1,51
U103262,13/04/2021,LOS LAGOS,La Florida,organico,true,0,51
U100954,26/12/2023,Tarapacá,Rancagua,organico,true,1,23
U101241,25-08-2024,Antofagasta,Quilpué,directo,true,1,
U101685,2021-03-09,Valparaíso,Puerto Montt,pagado,true,1,0
U103339,2022-11-10,COQUIMBO,San Miguel,directo,true,1,72
U100204,02/01/2021,Bío Bío,Quilpué,pagado,true,0,31
U100022,2022-04-11,Antofagasta,Maipú,organico,true,1,29
U100051,2023-07-04,Libertador B. O'Higgins,,directo,true,,68
U102350,07/05/2021,los lagos,Viña del Mar,UNKNOWN,,0,49
U103940,2021-09-23,los lagos,La Florida,email,true,1,57
U102039,17/02/2022,Bio-Bio,Antofagasta,pagado,true,0,50
U103304,2024-10-31,Bio-Bio,Talca,organico,true,1,64
U103566,2023-04-09,Tarapacá,Providencia,organico,true,0,60
U101278,2024-04-04,Los Lagos,Antofagasta,organico,true,1,29
U101499,2023-09-26,COQUIMBO,Viña del Mar,referido,true,1,49
U100572,2019-07-21,O'Higgins,La Florida,organico,true,,56
U102980,2019-02-21,O'Higgins,Maipú,email,true,0,49
U102300,12/12/2025,los lagos,La Serena,organico,true,0,18
U102952,2019-01-03,Metropolitana,Talca,directo,true,1,54
U101856,2022-04-13,Tarapacá,Quilpué,directo,false,1,51
U103183,04/12/2020,Biobío,,UNKNOWN,true,0,0
U102441,2023-08-08,Maule,,referido,true,1,61
U101228,2020-05-01,COQUIMBO,La Florida,organico,true,,20
U103147,24-11-2021,Bio-Bio,Las Condes,directo,,,41
U100478,2020-06-08,O'Higgins,Providencia,directo,true,0,71
U100758,2020-08-04,R. Metropolitana,La Florida,email,true,0,55
U100601,2019-09-05,antofagasta,San Miguel,organico,true,,53
U101161,19/09/2021,Araucanía,,organico,true,0,46
U101723,06/05/2022,Valparaíso,La Serena,referido,true,1,23
U100365,2021-08-18,metropolitana,Temuco,directo,true,,39
U102861,2025-01-12,Tarapaca,Puente Alto,pagado,false,0,46
U101428,2020-09-01,Antofagasta,Quilpué,organico,false,0,34
U103602,2020-02-24,Biobio,,referido,true,,74
U101997,02/07/2019,Tarapacá,Talca,pagado,false,1,42
U100288,2021-03-15,Bio-Bio,Maipú,UNKNOWN,true,1,73
U101847,2021-02-26,Bio-Bio,Providencia,pagado,true,1,25
U101158,2026-05-20,Tarapacá,Puerto Montt,email,true,1,34
U100318,2022-10-31,Valparaiso,Temuco,pagado,true,1,50
U100067,2022-06-27,Biobío,Concepción,organico,true,0,46
U102256,2020-06-15,Araucanía,Iquique,organico,true,0,32
U100774,2025-11-02,Metropolitana,Temuco,organico,true,1,23
U103552,2025-11-24,metropolitana,Santiago,pagado,true,1,63
U103395,2026-03-11,los lagos,,directo,true,1,49
U103541,2020-06-09,Los Lagos,,directo,true,0,74
U102597,07-08-2025,Antofagasta,Las Condes,pagado,true,0,31
U100422,2021-10-09,Valparaiso,Santiago,organico,true,1,0
U100015,2026-05-15,antofagasta,Providencia,organico,false,0,73
U103328,2019-12-27,Ohiggins,Viña del Mar,directo,true,,72
U101948,2026-05-24,Coquimbo,Puente Alto,email,false,0,0
U103994,2024-11-19,RM,Quilpué,organico,true,1,57
U101535,30-12-2024,Coquimbo,Temuco,organico,true,1,19
U100280,24/03/2025,COQUIMBO,Antofagasta,directo,true,0,23
U101177,2026-01-25,O'Higgins,Puerto Montt,pagado,true,0,50
U102400,29/02/2024,Tarapaca,Talca,directo,true,1,26
U100735,16-06-2021,Los Lagos,La Serena,organico,true,,73
U101051,2026-02-05,Araucanía,Talca,email,true,,70
U101284,2024-08-30,Araucania,Iquique,organico,true,1,21
U103100,10/08/2027,Tarapaca,,pagado,true,1,50
U103935,2026-07-16,Antofagasta,Ñuñoa,directo,true,0,28
U101610,2027-02-10,Valparaíso,La Florida,UNKNOWN,true,1,20
U102195,10/11/2024,O'Higgins,Temuco,directo,true,0,22
U102443,2025-10-20,Antofagasta,La Florida,referido,true,,53
U103156,2020-10-27,COQUIMBO,Puerto Montt,directo,true,1,51
U100079,2023-07-02,los lagos,Las Condes,directo,true,1,72
U103223,2026-05-29,Libertador B. O'Higgins,Quilpué,email,true,,999
U103769,2022-10-14,Los Lagos,Antofagasta,directo,true,1,60
U100471,2020-12-31,Antofagasta,San Miguel,organico,true,1,64
U102669,2022-01-22,BIOBIO,Santiago,email,true,1,58
U102659,12-05-2022,Araucanía,Temuco,email,,1,41
U102329,06/01/2021,La Araucania,Ñuñoa,organico,true,0,999
U102016,2024-05-17,antofagasta,La Florida,directo,true,1,45
U100526,2019-06-17,Coquimbo,Providencia,pagado,true,1,47
U101400,2025-05-24,Libertador B. O'Higgins,Iquique,,true,,38
U101503,2025-07-09,los lagos,La Serena,email,true,1,43
U102313,2025-10-26,Araucanía,Iquique,organico,true,1,27
U102686,21/01/2021,V region,Ñuñoa,organico,false,0,56
U101013,2021-06-18,COQUIMBO,Talca,pagado,true,1,54
U102480,2022-05-18,Coquimbo,Talca,organico,,0,56
U103574,2020-10-03,Ohiggins,Las Condes,organico,true,1,24
U102873,2021-01-11,Libertador B. O'Higgins,Maipú,pagado,,1,40
U100249,16-03-2022,Region Metropolitana,Viña del Mar,organico,true,1,
U100157,2019-08-12,Tarapacá,Puente Alto,referido,true,,30
U103759,2022-07-16,los lagos,Providencia,directo,true,1,57
U103159,2021-10-07,COQUIMBO,Maipú,UNKNOWN,true,0,64
U103413,2024-06-07,Libertador B. O'Higgins,La Serena,UNKNOWN,true,1,61
U103381,2022-10-27,O'Higgins,San Miguel,email,true,1,25
U103746,2023-08-31,Bío Bío,Puente Alto,organico,true,1,41
U103730,22/12/2024,R. Metropolitana,Las Condes,pagado,true,1,55
U101932,2025-12-07,los lagos,Temuco,organico,false,1,27
U103493,2024-11-20,Libertador B. O'Higgins,La Serena,directo,false,0,28
U101172,2019-07-28,Tarapaca,Puente Alto,organico,true,1,31
U100108,14-12-2022,Antofagasta,Rancagua,directo,true,,58
U101071,2021-11-09,Los Lagos,,pagado,,,43
U101765,15-11-2021,Tarapacá,Ñuñoa,referido,true,0,65
U101879,2023-01-29,La Araucania,San Miguel,pagado,true,1,
U103812,08/08/2025,Bío Bío,Concepción,,false,1,42
U100261,2021-11-17,metropolitana,Santiago,organico,true,,70
U103407,2022-09-14,Libertador B. O'Higgins,Santiago,referido,true,,28
U100728,23/05/2023,Araucanía,Talca,referido,,0,27
U102715,2021-02-11,VALPARAISO,Ñuñoa,pagado,true,,66
U100607,18/05/2020,antofagasta,Santiago,organico,true,,51
U103852,2022-12-06,Bío Bío,Viña del Mar,organico,true,1,61
U101748,11-09-2019,Valparaíso,Antofagasta,organico,true,0,41
U102730,14/07/2024,Biobio,Quilpué,organico,true,,20
U103933,2023-05-26,Bio-Bio,Viña del Mar,pagado,true,1,51
U100322,2024-03-27,Ohiggins,Antofagasta,pagado,true,,59
U103946,2023-04-26,Araucanía,Quilpué,directo,true,1,70
U100404,2023-04-10,Del Maule,Concepción,organico,true,1,26
U103230,2022-08-11,V region,Iquique,email,true,,60
U101024,2026-03-25,Araucania,Las Condes,referido,true,0,69
U100693,2025-09-24,V region,,pagado,,1,21
U103264,2025-08-05,maule,San Miguel,directo,true,,24
U103718,2022-05-07,Del Maule,Santiago,directo,true,1,33
U100968,17/10/2020,Ohiggins,La Serena,organico,true,1,46
U101404,2024-10-07,Araucania,Maipú,directo,true,0,74
U100834,2021-11-19,Bio-Bio,Santiago,pagado,true,0,37
U101853,2022-03-16,LOS LAGOS,Viña del Mar,directo,true,1,33
U101616,2024-03-29,O'Higgins,Santiago,pagado,true,1,69
U103790,2024-11-07,Valparaiso,Maipú,directo,true,0,71
U101283,2024-12-01,Tarapacá,Temuco,pagado,true,1,54
U100882,09/02/2021,antofagasta,,organico,true,1,73
U103463,2024-05-20,Antofagasta,Ñuñoa,pagado,false,1,33
U100570,17/06/2019,V region,Santiago,organico,false,0,55
U103363,31/12/2022,Antofagasta,Ñuñoa,organico,true,1,64
U100889,2020-01-05,antofagasta,Puente Alto,organico,true,1,41
U102879,2025-10-25,Valparaiso,Concepción,referido,true,1,47
U103202,2022-08-30,Del Maule,Viña del Mar,email,true,1,71
U100727,15/03/2023,Metropolitana,Temuco,directo,true,1,68
U103076,2019-03-21,Maule,Concepción,,true,1,66
U103996,2022-01-23,Tarapacá,Talca,organico,true,1,29
U101704,20/01/2021,Bío Bío,Antofagasta,email,true,0,66
U103927,2020-11-08,La Araucania,Quilpué,UNKNOWN,true,,50
U103428,17/10/2022,Araucanía,Talca,pagado,true,1,23
U102473,31/07/2026,La Araucania,Quilpué,pagado,true,0,61
U100342,2021-03-28,Biobio,La Serena,email,true,1,52
U102901,15/07/2025,Antofagasta,Puerto Montt,pagado,true,1,
U100323,2023-10-19,Tarapacá,Iquique,email,true,1,0
U102190,2022-04-29,los lagos,Rancagua,directo,true,1,50
U102521,29/05/2024,VALPARAISO,Quilpué,organico,true,1,31
U101793,06/01/2020,Coquimbo,Temuco,email,false,0,58
U102246,2025-05-05,Los Lagos,Maipú,organico,,1,56
U103937,2019-04-22,Araucania,Puerto Montt,pagado,true,1,21
U103837,2022-06-03,Coquimbo,Maipú,directo,true,0,28
U100895,2019-04-11,La Araucania,Rancagua,directo,true,1,46
U102100,02/05/2026,Ohiggins,Las Condes,organico,true,,21
U103157,2026-11-03,Coquimbo,Viña del Mar,organico,true,1,60
U103094,01-01-2027,Maule,Iquique,UNKNOWN,true,1,40
U100888,2023-08-26,R. Metropolitana,Quilpué,email,true,1,28
U101375,20-05-2020,antofagasta,Concepción,directo,true,0,63
U103213,12-07-2021,Tarapaca,Maipú,organico,true,1,69
U101569,26/04/2024,Ohiggins,San Miguel,email,true,1,23
U103017,2022-11-07,Biobío,San Miguel,pagado,true,,47
U100078,2021-06-21,Antofagasta,Puerto Montt,directo,true,1,67
U101108,18/08/2022,Region Metropolitana,Providencia,email,true,,
U100368,2021-11-29,LOS LAGOS,Quilpué,organico,false,1,42
U102418,14/07/2026,Coquimbo,Concepción,organico,true,0,58
U102075,2021-11-28,Biobio,Las Condes,pagado,true,0,68
U100619,2021-06-08,Ohiggins,Iquique,organico,true,0,64
U101602,2022-10-19,antofagasta,San Miguel,referido,true,1,
U100653,2019-08-07,COQUIMBO,,organico,false,1,54
U101102,09/11/2024,metropolitana,La Serena,directo,true,1,50
U103806,07/04/2023,Tarapacá,Rancagua,pagado,true,,
U103228,2021-01-30,Metropolitana,La Florida,pagado,true,1,69
U100151,2025-05-24,La Araucania,Maipú,directo,true,1,38
U102509,2019-05-26,COQUIMBO,Viña del Mar,pagado,true,1,22
U103810,06-01-2026,Tarapacá,San Miguel,directo,true,0,51
U103724,2025-11-01,Araucania,Iquique,directo,true,0,60
U100908,2022-09-30,los lagos,Quilpué,organico,true,1,48
U102083,2022-03-08,LOS LAGOS,Concepción,directo,true,,26
U102816,2025-11-17,Del Maule,Rancagua,organico,true,,
U101474,2019-12-22,Del Maule,Temuco,directo,true,,52
U102975,23-03-2021,Biobío,Iquique,referido,true,,25
U100628,2021-09-28,RM,Talca,directo,false,,29
U100027,09/05/2026,COQUIMBO,Quilpué,directo,false,1,46
U103816,2019-10-21,Antofagasta,Antofagasta,organico,true,,73
U102175,03-03-2021,VALPARAISO,Temuco,organico,true,,43
U100216,2022-11-01,maule,Las Condes,UNKNOWN,true,1,0
U101113,2025-01-15,Bío Bío,Puente Alto,,true,,32
U101952,2026-01-30,R. Metropolitana,Providencia,directo,false,1,63
U102969,2021-10-10,VALPARAISO,Quilpué,UNKNOWN,true,1,59
U102160,09-11-2022,O'Higgins,Viña del Mar,referido,true,0,70
U101845,2021-08-24,Biobío,Ñuñoa,organico,true,1,23
U103631,27/08/2021,Los Lagos,Puente Alto,pagado,true,1,58
U101081,2019-03-18,COQUIMBO,,organico,true,,47
U102474,13/11/2020,Valparaíso,Las Condes,organico,true,1,20
U101204,15-01-2026,Maule,,pagado,true,,28
U102603,2019-01-30,LOS LAGOS,,directo,true,0,53
U101273,31-01-2019,Tarapaca,Puente Alto,organico,false,,65
U100168,2023-01-02,Biobio,Las Condes,organico,true,,37
U100093,2024-02-26,Libertador B. O'Higgins,,directo,true,1,52
U100705,11/06/2025,Tarapaca,La Serena,email,true,0,72
U100321,2020-11-19,R. Metropolitana,Ñuñoa,directo,true,,999
U103815,2022-04-06,Valparaiso,Puerto Montt,directo,,1,26
U101384,2022-08-07,Bio-Bio,Rancagua,organico,,1,32
U101662,2023-05-08,LOS LAGOS,Santiago,directo,true,1,51
U101021,2025-05-19,Biobio,San Miguel,organico,true,1,
U102137,02-06-2022,COQUIMBO,Ñuñoa,pagado,true,0,67
U100521,2019-05-31,RM,Quilpué,directo,true,1,40
U102138,2020-09-19,Biobío,,pagado,true,1,45
U102151,04-04-2026,Tarapacá,Talca,directo,true,1,48
U102790,14-08-2021,Bío Bío,La Serena,directo,true,1,34
U103802,26-02-2020,Región Metropolitana,La Serena,directo,true,1,27
U103557,2019-07-22,Araucanía,Maipú,pagado,true,1,58
U102692,2026-05-05,Region Metropolitana,Providencia,directo,true,0,26
U102744,2024-03-24,Bío Bío,Providencia,email,true,0,44
U100117,2025-12-10,Metropolitana,Talca,organico,true,1,30
U101260,2022-11-03,R. Metropolitana,Antofagasta,referido,true,1,39
U103833,2019-03-12,metropolitana,Providencia,organico,true,1,30
U103622,31/07/2021,BIOBIO,Ñuñoa,organico,false,0,65
U100154,2023-06-24,Coquimbo,Santiago,organico,true,,20
U100023,2023-03-20,Antofagasta,,organico,true,1,48
U101681,2019-03-05,La Araucania,La Serena,referido,true,1,33
U102838,2023-01-22,Coquimbo,La Florida,directo,,1,-33
U100277,2021-01-22,antofagasta,Quilpué,email,false,1,29
U103268,2022-04-14,Bio-Bio,Puerto Montt,directo,true,1,52
U101136,17-12-2019,La Araucania,Rancagua,directo,true,0,31
U103631,27/08/2021,Los Lagos,Puente Alto,pagado,true,1,58
U101665,08-10-2024,Antofagasta,Concepción,organico,true,0,20
U101640,2021-06-12,Biobío,Viña del Mar,organico,true,1,73
U101099,04-01-2025,Tarapaca,Las Condes,email,true,1,45
U100919,02-02-2025,Ohiggins,Temuco,organico,true,0,67
U103002,22-12-2026,Libertador B. O'Higgins,Puente Alto,referido,true,1,34
U103347,2025-04-11,Araucanía,Viña del Mar,UNKNOWN,true,1,36
U103722,2025-06-13,Libertador B. O'Higgins,Ñuñoa,email,true,1,68
U102394,2020-09-22,Ohiggins,Puente Alto,organico,true,1,0
U103232,2022-11-05,Biobío,Concepción,pagado,true,,44
U100686,29/08/2025,Araucanía,San Miguel,organico,true,1,34
U103389,08-08-2024,Araucanía,Quilpué,pagado,true,,29
U102247,2023-03-07,Coquimbo,Rancagua,,true,1,66
U103396,2025-01-04,La Araucania,Talca,directo,true,1,39
U101637,2021-05-13,maule,Quilpué,,true,,70
U102943,2025-04-11,Maule,Viña del Mar,pagado,true,1,66
U102668,2020-02-15,Valparaíso,Las Condes,referido,true,0,73
U100390,2022-03-03,Maule,Santiago,directo,true,1,54
U101305,2019-09-19,Maule,Providencia,organico,true,1,66
U100446,2022-05-09,Region Metropolitana,Puerto Montt,directo,false,1,44
U103671,11/12/2022,Valparaíso,,pagado,true,1,23
U101644,2019-12-02,Valparaiso,Quilpué,email,true,1,53
U102136,2023-10-15,Los Lagos,Santiago,email,true,1,30
U103686,2020-08-12,Antofagasta,Puente Alto,organico,true,0,24
U103287,23-05-2024,La Araucania,Santiago,email,true,0,29
U103710,07-08-2019,Antofagasta,La Serena,directo,true,0,30
U103587,2026-07-27,Los Lagos,Puerto Montt,organico,true,1,
U100803,02/06/2020,Tarapacá,Quilpué,organico,false,0,30
U103097,2020-03-22,RM,Talca,organico,true,1,25
U102369,2021-03-24,Coquimbo,Temuco,directo,true,1,34
U102693,2021-11-20,Bio-Bio,Providencia,organico,true,1,73
U100424,26-04-2026,VALPARAISO,Ñuñoa,UNKNOWN,true,0,33
U101917,2024-11-08,Bio-Bio,Antofagasta,organico,true,,58
U101788,2019-02-28,Araucanía,Antofagasta,email,true,1,54
U100524,2021-11-02,Ohiggins,La Serena,organico,true,1,26
U101320,24/11/2019,Del Maule,Antofagasta,referido,true,,18
U103082,2024-03-05,maule,Talca,referido,true,1,44
U103828,2022-03-06,Biobio,Iquique,directo,true,,54
U100637,2021-10-25,V region,,pagado,true,1,41
U102037,2026-06-03,Antofagasta,San Miguel,email,true,1,31
U100560,2024-01-23,V region,Ñuñoa,email,true,0,25
U100516,2021-11-05,Coquimbo,La Florida,email,true,,67
U102954,2025-04-24,Bío Bío,Providencia,email,true,,73
U101128,2025-10-13,Maule,Maipú,pagado,,1,58
U101866,27-12-2025,Ohiggins,Iquique,organico,false,,51
U103423,2021-04-07,Tarapaca,Las Condes,UNKNOWN,true,0,55
U100713,2023-07-07,Libertador B. O'Higgins,Rancagua,,false,0,43
U101779,2022-09-29,Tarapaca,La Serena,organico,true,1,22
U100915,2020-03-21,maule,Temuco,directo,true,1,70
U101386,21-07-2020,V region,La Florida,pagado,true,1,61
U101538,2022-02-19,La Araucania,Las Condes,directo,true,1,999
U100166,2025-08-14,LOS LAGOS,Concepción,organico,true,1,0
U100763,13/03/2019,Araucania,Temuco,organico,true,0,68
U100401,21-06-2024,Tarapaca,Santiago,directo,true,0,62
U103978,08/12/2024,Araucania,Talca,organico,false,0,36
U102420,2024-06-18,Araucania,Talca,directo,true,0,41
U100205,2019-04-23,Maule,Temuco,directo,true,1,64
U103367,2019-07-30,antofagasta,Santiago,organico,true,1,69
U102852,2021-11-12,La Araucania,Talca,organico,true,1,46
U100665,15/12/2022,Bío Bío,Temuco,organico,true,0,44
U101041,2022-11-17,metropolitana,Ñuñoa,,false,,
U100681,2025-08-18,O'Higgins,La Florida,organico,true,0,
U101654,2025-03-28,Metropolitana,Puente Alto,referido,true,1,23
U100367,2019-12-03,Ohiggins,La Florida,organico,true,0,55
U100440,16/02/2021,BIOBIO,Santiago,email,true,1,
U102709,18/05/2022,La Araucania,La Florida,organico,true,1,38
U103324,2020-08-25,La Araucania,Ñuñoa,organico,true,1,67
U103508,2022-04-24,Tarapaca,Iquique,organico,false,1,50
U100682,2022-03-11,Los Lagos,Viña del Mar,UNKNOWN,true,,36
U103429,2024-11-02,Metropolitana,,directo,true,0,0
U102771,2025-01-30,Maule,Providencia,pagado,true,0,59
U103233,2020-02-29,LOS LAGOS,La Serena,directo,false,0,18
U102399,2024-04-16,Biobio,Concepción,organico,false,1,36
U100940,2020-09-01,Coquimbo,Ñuñoa,directo,true,1,19
U102925,07-01-2020,COQUIMBO,Santiago,pagado,true,1,67
U100192,2025-06-18,Coquimbo,Antofagasta,organico,true,0,25
U101026,2025-04-10,Libertador B. O'Higgins,Puerto Montt,organico,false,1,45
U103534,2020-12-11,Metropolitana,Quilpué,referido,true,1,54
U100941,2019-04-02,Del Maule,La Serena,directo,true,1,0
U101122,2019-10-15,Del Maule,Concepción,pagado,true,1,29
U101904,2019-12-10,Tarapaca,,organico,true,0,21
U102170,2019-03-12,Tarapaca,La Serena,pagado,true,,60
U102678,23/04/2024,O'Higgins,Puerto Montt,directo,true,,50
U101659,2022-11-04,Tarapacá,Temuco,pagado,true,1,71
U102407,2025-06-11,O'Higgins,Providencia,directo,true,0,49
U103139,21-01-2023,LOS LAGOS,Ñuñoa,organico,true,0,73
U100101,2021-11-23,VALPARAISO,,UNKNOWN,true,1,56
U101299,10-08-2021,COQUIMBO,San Miguel,organico,true,1,69
U102282,2026-06-13,Biobio,Viña del Mar,organico,true,1,23
U102359,2026-07-02,V region,San Miguel,directo,false,1,23
U103420,2025-12-03,La Araucania,Talca,organico,true,0,52
U102221,14/04/2021,maule,Santiago,organico,true,1,23
U101586,2019-03-05,R. Metropolitana,,organico,true,,23
U101298,2023-07-12,maule,Concepción,organico,true,0,73
U103338,2026-04-17,Antofagasta,Viña del Mar,organico,false,1,66
U100358,2024-12-10,Tarapaca,Concepción,pagado,true,1,39
U103517,2025-04-25,Tarapacá,Antofagasta,pagado,true,0,67
U100295,2024-07-17,Araucania,Iquique,pagado,true,,74
U101544,2019-05-06,Araucanía,Temuco,referido,true,1,38
U101491,28/07/2021,Coquimbo,Antofagasta,directo,true,0,65
U100231,2024-08-03,Biobio,,organico,true,1,0
U103495,2021-09-09,Araucanía,Puente Alto,directo,true,1,20
U100316,20-12-2021,Antofagasta,La Florida,organico,true,,22
U100709,2023-10-09,Valparaíso,Rancagua,organico,true,1,63
U100262,09/07/2026,Los Lagos,Santiago,directo,true,0,30
U101688,2025-05-20,antofagasta,Ñuñoa,directo,true,,20
U101731,2024-12-20,Región Metropolitana,Santiago,organico,false,1,25
U103379,2019-10-05,Antofagasta,,pagado,true,0,60
U100782,2025-06-12,Antofagasta,,pagado,true,1,33
U101167,2024-04-07,Tarapaca,Antofagasta,pagado,true,1,61
U102512,2025-09-06,Tarapacá,Santiago,UNKNOWN,true,1,55
U100123,2021-04-22,los lagos,Quilpué,directo,true,,32
U100215,2023-12-23,Libertador B. O'Higgins,Rancagua,organico,true,1,33
U101235,2021-03-13,Del Maule,Las Condes,organico,false,1,53
U100993,05-06-2025,Del Maule,Talca,directo,true,1,
U100744,2021-07-21,COQUIMBO,Ñuñoa,organico,true,,28
U100594,2024-08-17,La Araucania,Puerto Montt,pagado,true,,29
U102556,21-06-2023,Valparaiso,Viña del Mar,directo,true,1,38
U102654,01/04/2021,Region Metropolitana,Talca,,true,1,
U100909,27-07-2026,O'Higgins,Temuco,organico,true,1,19
U101280,2019-10-29,Tarapacá,Iquique,organico,true,1,38
U100808,2019-08-11,Tarapacá,Talca,referido,true,0,0
U100120,2025-03-07,RM,,organico,true,,53
U103843,2020-07-25,Los Lagos,Talca,directo,true,1,54
U102719,21-09-2025,V region,Puente Alto,directo,true,1,60
U103137,2020-04-06,Los Lagos,Santiago,pagado,true,1,54
U100158,08/06/2026,La Araucania,Las Condes,organico,true,,24
U101746,2021-10-10,O'Higgins,Iquique,organico,true,0,38
U101678,2023-03-01,Araucania,Santiago,directo,true,1,73
U102304,2023-03-14,Valparaíso,Ñuñoa,UNKNOWN,true,1,60
U101931,2019-05-19,Tarapaca,Las Condes,organico,true,1,-38
U101986,2026-07-10,los lagos,Iquique,pagado,true,1,71
U103885,2020-02-19,Antofagasta,Concepción,organico,false,0,29
U100025,30/11/2019,Valparaiso,San Miguel,pagado,true,0,69
U101666,2022-11-04,Libertador B. O'Higgins,Santiago,email,true,1,32
U100624,2019-10-14,maule,San Miguel,pagado,true,1,999
U101377,2021-09-30,LOS LAGOS,Puerto Montt,pagado,true,0,33
U103216,22-07-2024,Maule,Talca,referido,false,1,61
U103623,19/05/2024,Antofagasta,Puerto Montt,organico,true,1,18
U103555,2020-09-11,Antofagasta,Rancagua,organico,true,1,61
U101956,2025-02-23,maule,Puerto Montt,directo,true,1,42
U100715,24-12-2022,Ohiggins,Providencia,organico,true,,62
U102634,2023-06-01,BIOBIO,San Miguel,organico,true,0,41
U102331,15/02/2021,R. Metropolitana,Temuco,organico,true,1,27
U102864,2024-06-15,Libertador B. O'Higgins,Maipú,referido,true,0,56
U103910,2024-05-28,Ohiggins,La Florida,organico,true,1,28
U101859,2022-12-20,Tarapacá,Rancagua,organico,false,,71
U102934,2024-05-10,Araucania,Las Condes,organico,true,0,35
U101897,2019-03-26,V region,San Miguel,directo,true,1,28
U101011,12/05/2019,VALPARAISO,Puerto Montt,referido,true,1,0
U103721,16/02/2022,maule,Maipú,email,true,,26
U101878,2026-03-18,maule,San Miguel,email,true,,73
U100797,2019-05-07,antofagasta,Antofagasta,organico,true,0,24
U103353,2026-01-30,maule,Viña del Mar,directo,true,,25
U101531,2019-08-13,maule,Puente Alto,email,true,0,27
U103640,2022-10-25,BIOBIO,Antofagasta,organico,true,1,28
U102159,15-05-2020,los lagos,Las Condes,organico,true,0,68
U103456,2023-11-21,Region Metropolitana,Quilpué,pagado,true,1,70
U100142,04/05/2025,Valparaíso,Antofagasta,directo,true,0,45
U102914,2022-07-14,Tarapacá,Santiago,pagado,true,1,
U102457,2020-04-18,Araucanía,Las Condes,pagado,true,0,31
U102713,2022-03-06,Coquimbo,Rancagua,organico,true,,0
U100146,2025-06-14,RM,Puerto Montt,organico,true,1,61
U100508,2022-11-16,La Araucania,La Serena,organico,true,0,55
U103564,2019-02-19,Tarapaca,Iquique,organico,true,0,24
U100654,06/07/2024,Tarapaca,Quilpué,,true,1,32
U102835,2026-05-24,Antofagasta,Temuco,referido,true,1,999
U102927,2020-06-28,Maule,Talca,organico,,0,45
U103241,2023-02-08,Ohiggins,Viña del Mar,pagado,true,0,33
U100827,2023-12-24,Región Metropolitana,Puente Alto,email,true,1,34
U102061,2027-09-03,LOS LAGOS,Las Condes,organico,true,,60
U103911,2026-05-23,LOS LAGOS,Rancagua,directo,true,1,23
U101709,18/04/2026,Araucanía,Santiago,directo,true,1,57
U100721,2019-02-24,Araucania,Talca,directo,true,1,42
U100750,2025-01-16,Araucania,San Miguel,organico,true,,56
U102542,2026-04-19,Tarapacá,Puerto Montt,pagado,true,1,64
U101916,2025-04-02,La Araucania,Santiago,directo,true,0,56
U103349,2020-05-10,Maule,Las Condes,pagado,true,1,0
U103007,2019-03-08,antofagasta,Talca,UNKNOWN,true,0,40
U101979,2026-06-20,Biobío,La Florida,organico,true,0,0
U100901,11-04-2025,Libertador B. O'Higgins,Viña del Mar,email,true,1,44
U101286,10-11-2023,Metropolitana,Concepción,organico,true,,19
U100448,2022-12-17,V region,La Serena,email,true,1,37
U100282,2021-07-07,antofagasta,Puerto Montt,directo,true,1,
U100300,2022-01-16,Libertador B. O'Higgins,Ñuñoa,organico,true,1,65
U100190,09/08/2024,maule,San Miguel,organico,true,,44
U100659,2021-04-29,Del Maule,Rancagua,referido,true,1,26
U103793,2020-11-25,Bío Bío,Maipú,referido,true,0,21
U102534,2020-05-22,Ohiggins,La Florida,organico,true,,41
U102767,04/07/2024,Region Metropolitana,La Florida,directo,true,1,54
U103675,2021-01-12,V region,San Miguel,email,true,1,31
U100305,2024-06-07,Tarapacá,,email,true,0,38
U100127,2025-07-07,Tarapaca,Rancagua,organico,true,1,26
U101603,16-09-2025,Bio-Bio,Maipú,UNKNOWN,false,1,26
U100139,03/06/2021,Bio-Bio,Iquique,email,true,0,22
U102029,2021-01-23,Tarapaca,La Serena,pagado,true,1,18
U103176,26/06/2021,Tarapaca,Providencia,organico,true,0,36
U101120,2022-12-16,Tarapacá,Ñuñoa,pagado,true,0,22
U101898,2022-08-04,Bio-Bio,Viña del Mar,directo,false,0,30
U103609,2025-04-15,O'Higgins,Puerto Montt,pagado,true,1,74
U103131,2022-02-05,Araucania,Antofagasta,UNKNOWN,true,0,49
U101951,2025-10-13,Antofagasta,Puente Alto,pagado,true,1,45
U101147,2026-01-21,LOS LAGOS,Las Condes,pagado,,1,67
U101009,2024-07-17,Tarapaca,Talca,email,false,0,61
U101507,28/08/2022,Los Lagos,San Miguel,pagado,,1,49
U103592,2022-02-09,Los Lagos,San Miguel,pagado,true,0,64
U100921,2019-04-16,Coquimbo,Iquique,referido,true,1,25
U101812,2019-11-17,antofagasta,Providencia,email,true,1,46
U101141,2022-12-23,Araucania,Talca,organico,true,1,50
U103719,2019-10-31,antofagasta,Antofagasta,organico,true,1,51
U100776,2021-03-09,Valparaíso,Rancagua,pagado,true,,43
U100379,16/07/2023,La Araucania,Viña del Mar,UNKNOWN,true,0,53
U101220,27/01/2023,Tarapaca,Puente Alto,email,true,,71
U102262,2024-07-19,Araucanía,La Serena,UNKNOWN,true,1,19
U103594,2024-03-11,Bío Bío,Las Condes,email,true,,30
U101029,2023-03-03,Antofagasta,,email,true,,46
U100999,30/09/2021,Ohiggins,Ñuñoa,organico,true,0,29
U102856,2023-12-20,RM,Santiago,pagado,true,1,36
U100035,21/02/2025,Libertador B. O'Higgins,Puerto Montt,organico,true,0,22
U100333,2019-08-22,Maule,Viña del Mar,organico,true,1,58
U102010,2019-03-31,COQUIMBO,San Miguel,UNKNOWN,false,1,50
U100775,2022-09-20,Araucania,La Florida,referido,true,1,70
U102638,2025-09-07,R. Metropolitana,Quilpué,pagado,true,0,35
U100361,2020-08-25,Tarapaca,Talca,pagado,true,0,34
U101601,2024-01-08,Bio-Bio,Providencia,pagado,true,0,43
U102623,13/03/2021,COQUIMBO,Ñuñoa,pagado,true,0,0
U101431,2020-01-20,La Araucania,,directo,true,1,
U101732,2019-03-27,Araucanía,Rancagua,referido,true,0,36
U100421,2022-09-09,Maule,Puerto Montt,organico,true,1,70
U102946,2025-12-09,Antofagasta,Puerto Montt,pagado,,0,64
U102854,2024-05-13,Valparaiso,Providencia,pagado,false,1,52
U103313,2023-05-30,LOS LAGOS,Maipú,organico,true,1,21
U101756,2022-04-16,Ohiggins,Santiago,pagado,true,0,23
U101776,18-04-2020,Tarapaca,Las Condes,organico,false,0,34
U103246,19/06/2026,V region,Quilpué,referido,true,0,42
U102355,2019-08-11,antofagasta,Iquique,email,,0,69
U101648,2019-12-28,VALPARAISO,Antofagasta,email,true,0,64
U102236,2023-09-22,COQUIMBO,Iquique,referido,true,1,44
U103342,2022-11-02,maule,Las Condes,pagado,true,0,47
U101164,03-08-2021,Coquimbo,Maipú,directo,true,,29
U100680,2024-06-03,V region,Providencia,organico,true,,19
U103687,18-12-2025,Metropolitana,Temuco,organico,true,1,43
U103514,2021-07-23,Valparaiso,Ñuñoa,organico,,0,29
U103626,2019-05-11,Libertador B. O'Higgins,,email,true,0,65
U102673,2023-11-15,antofagasta,Ñuñoa,directo,true,1,64
U101832,2024-07-25,Tarapaca,Las Condes,directo,true,0,18
U101145,2025-04-20,antofagasta,Puerto Montt,referido,true,1,74
U103539,2024-03-20,Coquimbo,Ñuñoa,email,true,1,72
U100781,18-11-2023,Araucania,,pagado,false,1,18
U103047,2022-08-05,Tarapaca,Las Condes,pagado,true,0,43
U103932,2025-03-23,Valparaíso,San Miguel,organico,true,1,31
U101255,2021-03-25,Region Metropolitana,La Serena,UNKNOWN,true,,73
U102606,2025-03-16,RM,,directo,true,1,34
U102130,16/04/2023,Araucanía,La Florida,pagado,true,0,31
U103109,2023-02-23,La Araucania,Antofagasta,pagado,true,0,32
U101259,2021-08-16,Biobio,Iquique,pagado,false,1,50
U102789,05/08/2024,La Araucania,Puente Alto,pagado,true,0,35
U100131,12/08/2025,Tarapacá,Concepción,email,true,1,67
U102031,2020-07-06,LOS LAGOS,Puerto Montt,UNKNOWN,true,0,56
U100991,2019-09-15,La Araucania,Ñuñoa,organico,true,0,19
U103154,2022-10-20,Coquimbo,Antofagasta,pagado,,,73
U103598,2024-11-01,antofagasta,,pagado,true,1,55
U100974,2023-12-31,LOS LAGOS,Maipú,directo,true,,0
U103652,24/04/2025,Del Maule,San Miguel,organico,true,1,37
U103206,15-04-2024,Del Maule,Puerto Montt,email,true,1,19
U101243,2020-05-04,Del Maule,San Miguel,organico,true,,43
U103299,2021-08-15,LOS LAGOS,Puerto Montt,directo,true,0,31
U100425,2019-03-30,Maule,Viña del Mar,pagado,true,1,23
U102319,2020-12-10,Antofagasta,Puente Alto,pagado,true,1,57
U101302,2025-04-21,Tarapaca,San Miguel,email,true,,54
U100563,2019-01-04,La Araucania,Providencia,pagado,true,0,23
U100297,2024-04-02,Maule,Quilpué,directo,true,0,53
U101046,2021-04-16,Antofagasta,Temuco,organico,true,,47
U102956,2022-02-15,Araucanía,Iquique,pagado,true,1,64
U102073,13/06/2022,COQUIMBO,Santiago,referido,true,1,36
U101032,08/02/2021,Valparaiso,Puente Alto,pagado,true,1,50
U101885,27/04/2023,Maule,Las Condes,organico,true,1,32
U101040,2024-01-25,Ohiggins,Temuco,directo,true,1,73
U102248,2026-07-31,maule,Ñuñoa,pagado,true,1,45
U102431,2022-09-19,antofagasta,Concepción,email,true,0,51
U101924,2022-03-19,los lagos,Temuco,directo,true,1,70
U103529,2023-05-08,Araucania,Providencia,,true,1,53
U100565,2021-04-02,los lagos,Iquique,pagado,true,0,63
U103080,13/10/2021,antofagasta,Puerto Montt,pagado,true,1,60
U100195,2019-05-23,Ohiggins,Puente Alto,organico,true,1,45
U101212,2026-01-31,antofagasta,Temuco,organico,true,1,33
U102589,2025-01-22,Maule,La Serena,pagado,,0,37
U101628,2019-07-31,COQUIMBO,Rancagua,organico,true,0,52
U102484,13-12-2021,LOS LAGOS,Temuco,,true,1,27
U100439,2020-12-26,O'Higgins,Rancagua,organico,true,1,35
U102957,2021-06-23,O'Higgins,Puente Alto,email,true,1,24
U101714,2020-09-21,Bío Bío,Concepción,email,,,29
U103315,2025-05-30,Coquimbo,Santiago,organico,true,,32
U101915,2024-11-26,Coquimbo,Las Condes,directo,true,1,54
U103352,2020-09-28,R. Metropolitana,Maipú,,true,,51
U101247,2022-06-03,maule,Ñuñoa,pagado,true,0,70
U101868,21-12-2021,antofagasta,Las Condes,directo,true,0,54
U101745,2019-04-05,Libertador B. O'Higgins,Las Condes,pagado,true,1,53
U102332,2024-09-08,Araucania,Antofagasta,organico,true,0,55
U101421,16/05/2022,Del Maule,La Florida,organico,true,0,24
U102000,2023-08-17,R. Metropolitana,Puerto Montt,email,true,1,23
U100532,17-09-2019,Tarapacá,Ñuñoa,email,,0,70
U100302,2024-03-02,Antofagasta,,organico,true,1,19
U101111,2020-08-12,COQUIMBO,San Miguel,email,true,1,62
U101020,2025-04-24,Biobío,Talca,directo,true,1,63
U100040,2020-08-13,BIOBIO,,organico,true,0,62
U100751,13/06/2024,BIOBIO,Viña del Mar,directo,true,0,52
U103831,2025-10-24,LOS LAGOS,Rancagua,organico,true,1,71
U102335,2021-04-30,Ohiggins,Las Condes,UNKNOWN,true,1,46
U101327,2022-05-01,maule,Maipú,organico,true,1,59
U101930,24-03-2022,Coquimbo,Santiago,pagado,true,1,31
U102342,01/09/2024,VALPARAISO,,directo,true,1,27
U100569,2024-12-04,La Araucania,Puerto Montt,directo,true,1,27
U103018,04/11/2022,Tarapacá,Quilpué,email,,1,67
U101152,01/06/2024,La Araucania,Santiago,pagado,true,1,49
U100033,10/02/2019,COQUIMBO,Puerto Montt,email,true,1,61
U103141,2019-05-10,Araucanía,La Serena,organico,true,1,27
U100765,04-04-2019,Antofagasta,La Serena,directo,true,1,38
U100689,2020-04-13,Bío Bío,,organico,true,1,32
U100702,01-04-2019,Ohiggins,Las Condes,email,true,1,22
U100584,2020-10-20,metropolitana,Talca,referido,true,,55
U100865,05/03/2023,antofagasta,Temuco,pagado,true,0,0
U102140,02/11/2020,La Araucania,Santiago,pagado,true,1,64
U101923,2020-01-29,La Araucania,Antofagasta,directo,true,1,39
U101600,2019-09-02,los lagos,Providencia,directo,true,0,28
U100128,2025-12-14,antofagasta,Rancagua,pagado,true,1,61
U102440,2025-03-14,Coquimbo,,email,true,0,39
U103633,13-07-2023,Biobio,Viña del Mar,organico,true,1,55
U103308,2024-12-06,V region,,email,true,0,18
U103736,2024-01-18,O'Higgins,San Miguel,directo,true,0,59
U100018,2022-02-02,Antofagasta,Iquique,email,true,,23
U103250,2022-10-19,maule,,pagado,true,,43
U100487,2023-12-04,Los Lagos,Talca,directo,true,1,39
U101705,14/05/2025,BIOBIO,Quilpué,organico,true,1,50
U101550,2022-09-25,antofagasta,Puente Alto,directo,true,,0
U101901,2019-12-23,Region Metropolitana,La Florida,pagado,true,1,60
U102759,2023-01-21,Bío Bío,Quilpué,referido,true,0,
U101475,2024-11-20,los lagos,Rancagua,pagado,,0,69
U103876,2022-08-22,Maule,Santiago,email,true,1,53
U103568,30/11/2025,RM,Las Condes,referido,,,42
U100095,2024-12-11,Tarapacá,Ñuñoa,email,true,0,25
U102084,2021-08-10,Metropolitana,La Florida,email,true,1,19
U103838,24-08-2023,Biobío,Ñuñoa,pagado,true,0,22
U101672,2020-10-17,Tarapaca,Ñuñoa,directo,true,0,62
U102574,2020-04-18,Region Metropolitana,Viña del Mar,UNKNOWN,true,0,72
U102839,2022-11-01,Los Lagos,Concepción,pagado,true,1,32
U103714,2020-05-30,antofagasta,Providencia,UNKNOWN,true,0,63
U101557,10-09-2019,Tarapaca,Iquique,UNKNOWN,true,1,56
U102967,2021-01-07,Valparaiso,Maipú,organico,true,0,25
U100546,14/05/2019,Tarapaca,Providencia,UNKNOWN,true,,46
U102448,04/06/2026,Antofagasta,Antofagasta,email,true,1,67
U102773,2023-05-27,Araucanía,Puente Alto,directo,true,,45
U102560,2020-05-27,los lagos,,pagado,true,1,61
U103190,2022-07-29,Libertador B. O'Higgins,Concepción,organico,true,0,26
U101604,2025-05-18,Valparaíso,Puente Alto,directo,true,1,51
U102312,2022-04-17,Tarapacá,Concepción,organico,true,1,63
U101065,2020-02-20,Del Maule,Viña del Mar,organico,true,1,32
U102580,2020-11-12,Los Lagos,Talca,organico,true,,
U101224,2023-12-17,O'Higgins,Antofagasta,email,true,1,27
U103938,2023-01-28,LOS LAGOS,Santiago,email,,,44
U101462,08/03/2025,Coquimbo,Talca,pagado,true,,71
U102611,2019-07-04,La Araucania,Maipú,pagado,true,0,71
U102752,08/08/2019,LOS LAGOS,Concepción,organico,true,1,20
U103989,07/03/2020,los lagos,Puente Alto,directo,true,0,55
U101357,23/12/2021,Antofagasta,Iquique,organico,true,,27
U103425,2020-05-26,Metropolitana,,pagado,true,1,18
U102617,24/03/2021,Biobío,Ñuñoa,organico,true,1,42
U101440,2024-07-19,LOS LAGOS,La Serena,directo,true,1,64
U100849,2026-01-23,Tarapaca,Puerto Montt,organico,true,1,19
U101945,2020-09-30,metropolitana,,directo,true,0,40
U103613,2025-04-28,V region,Rancagua,pagado,true,1,53
U103663,17/04/2025,Libertador B. O'Higgins,La Serena,pagado,true,,999
U100073,2020-07-04,Maule,Concepción,directo,true,1,62
U103731,2021-05-16,Tarapaca,,organico,true,,38
U102648,2021-01-08,Metropolitana,Talca,referido,true,1,42
U101928,2023-03-28,LOS LAGOS,Maipú,pagado,true,1,48
U100411,2024-01-10,maule,Puente Alto,organico,true,1,74
U100894,2025-01-15,Tarapaca,Temuco,pagado,true,1,40
U102436,2026-07-21,antofagasta,Viña del Mar,organico,,1,44
U103198,2021-03-10,Tarapacá,Maipú,email,true,1,43
U101338,23/03/2020,COQUIMBO,Viña del Mar,directo,true,1,44
U101807,2020-11-02,Araucanía,Las Condes,UNKNOWN,false,,43
U102186,2024-03-27,O'Higgins,Concepción,UNKNOWN,true,0,23
U102183,2024-02-27,V region,Talca,pagado,true,0,
U100985,2026-04-14,COQUIMBO,Puente Alto,directo,true,1,27
U103939,2022-05-07,Biobio,Las Condes,directo,true,1,65
U100752,2019-09-06,Valparaiso,La Serena,email,true,,42
U103418,13-02-2024,Valparaíso,Concepción,organico,true,0,37
U101088,2019-11-25,Tarapaca,Talca,email,true,1,58
U100724,23-02-2024,Region Metropolitana,Santiago,referido,true,0,69
U102632,2021-05-11,Bío Bío,Antofagasta,pagado,true,1,43
U103243,20-07-2024,Libertador B. O'Higgins,San Miguel,email,true,1,65
U101238,2025-02-26,Ohiggins,Ñuñoa,UNKNOWN,true,1,61
U101621,2024-04-28,Coquimbo,Iquique,organico,true,1,55
U101414,26/07/2025,Coquimbo,La Serena,directo,true,0,63
U103114,2025-10-27,Tarapaca,Ñuñoa,directo,true,0,62
U102766,2021-09-02,Tarapaca,Concepción,email,true,1,22
U101599,2023-10-20,Ohiggins,Las Condes,organico,true,0,18
U100207,2024-10-12,Antofagasta,Talca,email,true,0,32
U101802,2022-06-13,Metropolitana,Viña del Mar,organico,true,1,52
U102527,13/09/2022,Tarapaca,Puerto Montt,directo,true,0,0
U100629,19-02-2021,La Araucania,Puerto Montt,UNKNOWN,true,0,24
U101470,2022-03-05,Ohiggins,Antofagasta,UNKNOWN,true,0,74
U103543,18/11/2025,Los Lagos,Las Condes,email,true,1,23
U103685,26/09/2020,maule,Iquique,email,true,,58
U101809,20/02/2025,Araucanía,Talca,organico,true,0,26
U101187,23-07-2019,Del Maule,Providencia,organico,true,1,37
U100505,2021-05-10,maule,Providencia,directo,true,0,66
U101293,2020-04-04,Biobío,Ñuñoa,directo,true,0,65
U101276,2019-05-17,Tarapaca,La Florida,organico,true,,0
U100798,09/12/2021,V region,Ñuñoa,,true,1,49
U103604,2023-08-05,los lagos,Viña del Mar,pagado,true,0,49
U103732,2023-12-20,Valparaiso,Rancagua,pagado,true,1,58
U101553,14-02-2019,La Araucania,Iquique,organico,true,1,62
U101419,2025-12-26,V region,Quilpué,organico,true,1,32
U100579,2021-01-21,Ohiggins,Concepción,pagado,true,0,27
U100435,2026-01-02,COQUIMBO,,organico,true,,49
U103826,2023-10-18,Region Metropolitana,La Florida,email,,,26
U100437,2020-05-14,Tarapaca,Ñuñoa,referido,true,1,73
U100144,2021-06-18,Tarapacá,Temuco,pagado,true,1,70
U101335,10/01/2019,Coquimbo,La Serena,UNKNOWN,true,0,36
U101594,2025-02-09,BIOBIO,Talca,organico,true,1,39
U101098,2023-10-30,Del Maule,Temuco,organico,false,1,20
U100856,2021-09-25,los lagos,Puerto Montt,pagado,true,0,20
U100130,24/10/2024,Bío Bío,Quilpué,pagado,,,63
U103270,2020-05-24,O'Higgins,Santiago,organico,,0,57
U101787,2019-05-26,Ohiggins,La Florida,email,true,0,29
U101262,11-08-2022,VALPARAISO,Maipú,directo,true,1,19
U102810,2024-11-16,Coquimbo,Quilpué,organico,true,0,57
U103965,2019-03-29,Coquimbo,San Miguel,directo,true,1,67
U103128,2020-11-29,O'Higgins,,email,true,,25
U102059,2019-05-09,Valparaíso,Santiago,pagado,true,0,27
U102122,2021-03-04,Araucania,Maipú,directo,true,,32
U102433,03/12/2024,La Araucania,Temuco,email,,1,54
U101728,2025-12-31,Biobio,Providencia,directo,true,1,63
U100772,2025-01-07,Tarapacá,Puente Alto,email,false,0,40
U102419,2020-04-21,Tarapaca,Antofagasta,organico,true,0,999
U101245,2019-02-20,R. Metropolitana,Puente Alto,pagado,false,1,34
U103875,2020-04-13,Coquimbo,Quilpué,pagado,true,,37
U102410,2022-01-17,RM,Las Condes,organico,true,1,57
U101646,2021-03-23,Araucanía,Puerto Montt,referido,true,1,44
U103883,2021-12-26,V region,Antofagasta,referido,true,1,24
U103419,2019-10-13,Biobio,Puerto Montt,directo,true,1,35
U103928,2023-07-11,Ohiggins,Quilpué,directo,true,1,54
U101047,2024-10-09,Valparaiso,La Serena,organico,true,1,48
U102869,2019-10-24,Antofagasta,Quilpué,organico,true,0,33
U100084,2026-05-10,Ohiggins,Puerto Montt,pagado,false,0,31
U102374,2019-07-10,Del Maule,Iquique,email,true,1,68
U102299,2025-05-01,los lagos,La Serena,email,true,,36
U101425,17/04/2026,Los Lagos,Iquique,directo,true,0,39
U101881,14/05/2026,Tarapaca,Antofagasta,pagado,true,1,999
U101385,2023-07-04,Araucanía,Puerto Montt,organico,true,1,58
U102737,2019-02-09,Tarapaca,Iquique,UNKNOWN,true,1,50
U101348,2025-01-02,Del Maule,Santiago,pagado,true,1,58
U103689,10-02-2023,Libertador B. O'Higgins,Providencia,pagado,true,0,73
U100821,2025-12-13,Antofagasta,Puerto Montt,pagado,true,1,39
U102776,07/11/2019,Los Lagos,Quilpué,directo,true,1,48
U101502,14/04/2024,VALPARAISO,Rancagua,pagado,true,0,
U103388,03/10/2024,COQUIMBO,Talca,directo,true,1,66
U100504,2026-06-18,Región Metropolitana,Providencia,organico,true,1,72
U101387,2023-06-27,Biobío,Ñuñoa,referido,true,0,62
U100698,2020-01-19,O'Higgins,Viña del Mar,UNKNOWN,true,0,23
U100039,10/08/2021,Tarapacá,Rancagua,pagado,true,,55
U100474,10-01-2025,Antofagasta,San Miguel,directo,true,1,70
U101146,2025-03-19,antofagasta,La Florida,email,true,0,60
U100364,09-01-2024,Valparaiso,Puente Alto,organico,,1,54
U100534,2022-06-09,Del Maule,Antofagasta,organico,,1,54
U103601,2026-01-22,Libertador B. O'Higgins,Las Condes,UNKNOWN,true,0,21
U100943,2024-10-10,Del Maule,,referido,false,1,999
U103583,2020-07-17,Coquimbo,Rancagua,,true,0,69
U103345,2024-08-17,Los Lagos,Antofagasta,pagado,false,0,52
U103605,2021-10-20,Araucania,Iquique,directo,true,1,62
U100315,2024-02-23,V region,San Miguel,organico,true,,48
U102554,2019-05-26,La Araucania,Rancagua,organico,true,1,
U102456,2021-03-09,Biobio,,email,true,0,53
U103535,2023-10-10,LOS LAGOS,Quilpué,pagado,,,30
U101346,27-06-2019,VALPARAISO,Concepción,directo,true,1,46
U100914,2026-03-06,Bio-Bio,Santiago,email,false,0,42
U101582,2024-03-20,Ohiggins,Rancagua,organico,true,1,74
U102237,2023-06-02,Bio-Bio,San Miguel,email,true,1,56
U103548,2020-06-24,RM,Quilpué,pagado,true,1,60
U102427,2025-09-15,Valparaiso,La Serena,organico,true,0,34
U103426,26-08-2020,Region Metropolitana,Puerto Montt,referido,true,0,
U103377,2023-08-10,Biobío,,directo,true,0,70
U100949,2026-06-19,La Araucania,Puente Alto,referido,true,,
U100609,06/08/2022,metropolitana,Providencia,UNKNOWN,true,1,56
U103859,19-02-2023,maule,Ñuñoa,pagado,true,0,18
U100137,2025-02-14,Del Maule,Antofagasta,organico,true,1,62
U103215,04/12/2025,COQUIMBO,Antofagasta,pagado,true,0,36
U102933,2024-02-23,La Araucania,Antofagasta,organico,true,1,55
U101371,2021-05-20,Bio-Bio,Providencia,pagado,true,1,58
U102662,2024-06-04,Maule,Antofagasta,directo,true,1,
U103486,2020-07-12,RM,Santiago,organico,,1,60
U100871,2021-03-06,Ohiggins,,email,true,1,48
U102616,03-11-2022,Tarapaca,,pagado,true,0,46
U101760,08/05/2023,Region Metropolitana,Las Condes,organico,true,1,60
U102034,2026-01-21,Region Metropolitana,La Serena,directo,true,1,69
U102844,08-07-2024,R. Metropolitana,La Florida,directo,true,1,24
U103667,2026-06-09,metropolitana,,organico,true,,29
U101451,04-03-2021,V region,La Serena,organico,true,1,26
U103273,2019-03-14,Del Maule,Santiago,referido,true,0,46
U100885,2019-03-17,antofagasta,Puerto Montt,email,true,1,43
U101772,2020-09-25,Tarapaca,Temuco,organico,false,1,53
U102949,15/03/2019,RM,Concepción,email,true,0,23
U101790,2025-06-02,Bío Bío,Rancagua,email,true,1,64
U102135,20/04/2024,V region,Ñuñoa,email,,1,18
U100972,2021-02-26,Antofagasta,Viña del Mar,pagado,,1,29
U101725,06/03/2027,COQUIMBO,,organico,true,0,51
U100622,2024-09-20,Antofagasta,San Miguel,directo,true,1,50
U101504,2021-09-10,los lagos,Viña del Mar,email,true,0,74
U101872,2019-05-15,Tarapaca,La Florida,referido,true,0,43
U100081,2026-07-01,Del Maule,Puerto Montt,pagado,,0,27
U101214,2022-10-25,Araucania,Puerto Montt,pagado,true,1,18
U103272,2021-02-01,Coquimbo,Santiago,UNKNOWN,true,1,26
U102564,2026-12-30,Tarapacá,Santiago,organico,true,1,42
U101992,2025-03-25,COQUIMBO,Talca,directo,true,0,55
U102025,30/01/2022,Tarapacá,Iquique,directo,true,1,
U103452,25/07/2021,maule,Puerto Montt,pagado,false,1,73
U103175,2019-12-13,metropolitana,Concepción,email,true,0,37
U103597,2020-08-20,Araucania,Temuco,email,true,1,35
U103975,2019-03-12,Coquimbo,La Florida,directo,true,1,70
U102249,13/11/2023,los lagos,Santiago,UNKNOWN,false,0,61
U102792,10-07-2024,Araucania,San Miguel,organico,true,0,70
U101150,17-11-2023,Los Lagos,Maipú,organico,true,0,70
U102403,2021-11-11,Libertador B. O'Higgins,La Florida,UNKNOWN,false,1,72
U102848,12/01/2020,COQUIMBO,Rancagua,organico,true,,25
U100946,2019-01-18,V region,Rancagua,organico,true,1,53
U102833,07/01/2024,La Araucania,Antofagasta,UNKNOWN,true,0,39
U102991,2020-08-17,Coquimbo,Las Condes,pagado,true,0,25
U103681,2023-06-04,V region,,pagado,true,1,66
U103827,2020-04-17,Libertador B. O'Higgins,Providencia,directo,true,,57
U100250,2024-08-26,Libertador B. O'Higgins,Las Condes,email,false,1,47
U101579,2023-02-24,VALPARAISO,Puente Alto,organico,true,0,27
U103405,2025-02-14,La Araucania,La Florida,organico,true,1,28
U101559,2022-10-08,Bío Bío,Puente Alto,organico,true,1,64
U103140,2026-05-01,RM,Temuco,directo,true,,54
U102938,2024-06-16,Biobío,Ñuñoa,pagado,true,,67
U101085,2025-11-14,Coquimbo,Santiago,organico,true,0,33
U101329,12/05/2026,Ohiggins,Quilpué,organico,true,,64
U102791,07/09/2019,LOS LAGOS,Puente Alto,directo,true,0,34
U100922,2025-08-02,antofagasta,Concepción,referido,,0,70
U100202,2023-12-19,BIOBIO,Las Condes,pagado,true,1,68
U101188,2021-05-14,Biobío,Santiago,organico,true,0,18
U101875,2024-02-02,LOS LAGOS,Viña del Mar,organico,,,36
U103089,2022-07-27,Libertador B. O'Higgins,Antofagasta,email,true,0,32
U103702,2020-05-03,Maule,Iquique,email,true,,25
U103987,2022-08-24,Region Metropolitana,San Miguel,pagado,true,1,74
U101726,2021-09-07,LOS LAGOS,Ñuñoa,email,true,0,27
U102865,2023-08-26,Antofagasta,Maipú,email,true,0,31
U102102,2025-03-27,maule,Talca,organico,true,1,55
U102455,2025-08-20,Biobio,Puerto Montt,UNKNOWN,true,1,57
U100213,2021-08-26,Antofagasta,Temuco,organico,true,1,29
U100501,15/02/2020,Del Maule,Quilpué,UNKNOWN,true,1,45
U100044,2026-05-10,RM,Iquique,directo,false,0,69
U102920,26-12-2020,Región Metropolitana,Iquique,email,true,,25
U103411,2021-02-01,Tarapacá,,directo,true,0,73
U102609,15/03/2024,Del Maule,Concepción,pagado,true,1,59
U103167,2025-03-27,Tarapaca,La Florida,organico,true,0,47
U100550,26/03/2026,O'Higgins,La Serena,,true,0,54
U102575,2021-03-01,LOS LAGOS,Temuco,directo,true,1,39
U102040,2021-09-15,Tarapaca,Temuco,directo,true,1,35
U100014,2022-01-28,Biobio,Las Condes,organico,true,,62
U103024,12/06/2022,Región Metropolitana,Las Condes,pagado,true,0,999
U103803,2020-05-20,V region,Viña del Mar,directo,true,0,29
U100830,13/11/2024,Tarapacá,Las Condes,organico,true,0,56
U101825,2025-05-03,metropolitana,Santiago,directo,true,,30
U103211,2021-12-03,Ohiggins,Maipú,pagado,true,,64
U101340,2025-11-23,Ohiggins,Quilpué,email,true,1,23
U103960,2023-11-11,V region,La Serena,,true,,33
U102201,05-09-2019,Coquimbo,Talca,pagado,true,1,46
U101657,10/10/2023,Tarapaca,La Florida,pagado,true,0,56
U102613,02-06-2020,Region Metropolitana,Talca,UNKNOWN,true,1,63
U103311,05-10-2023,antofagasta,,directo,true,1,71
U102994,2022-10-28,R. Metropolitana,Antofagasta,organico,true,0,61
U102426,2019-04-09,Tarapacá,Concepción,pagado,true,1,35
U101865,2019-01-16,VALPARAISO,La Florida,referido,true,1,70
U102417,01-05-2024,Tarapacá,Rancagua,organico,true,1,22
U102540,2021-06-08,Tarapacá,Iquique,directo,true,1,21
U103477,2023-07-08,VALPARAISO,Concepción,organico,true,,66
U103269,2019-06-06,Bío Bío,Temuco,UNKNOWN,true,1,43
U102111,2020-12-08,Libertador B. O'Higgins,Concepción,pagado,true,1,38
U100412,17-10-2021,Ohiggins,Providencia,organico,false,1,53
U100327,2023-12-06,Tarapaca,,email,true,0,41
U102192,2022-05-11,O'Higgins,Puerto Montt,organico,true,1,52
U102213,11-10-2023,Ohiggins,La Serena,organico,true,,52
U102293,13-11-2022,Del Maule,Rancagua,pagado,true,0,32
U100348,17/02/2024,Los Lagos,,directo,true,1,35
U100452,2022-10-11,Los Lagos,Rancagua,directo,true,1,46
U100296,2021-03-16,LOS LAGOS,Providencia,referido,true,,70
U101323,2026-04-08,O'Higgins,Viña del Mar,pagado,true,,74
U101703,02-07-2024,Antofagasta,Santiago,directo,true,,48
U100598,2019-10-15,VALPARAISO,Viña del Mar,organico,true,1,32
U102834,10-07-2022,Biobío,Maipú,organico,true,0,47
U102576,29-05-2023,COQUIMBO,Quilpué,pagado,true,1,28
U100241,21/01/2021,VALPARAISO,Las Condes,email,,0,66
U101697,2021-05-24,Los Lagos,Rancagua,pagado,true,,45
U101903,16/03/2024,metropolitana,,referido,true,1,48
U103704,2022-08-05,RM,Las Condes,pagado,true,1,39
U102671,2024-01-28,Metropolitana,Quilpué,,true,0,52
U100370,2020-03-03,Libertador B. O'Higgins,Antofagasta,UNKNOWN,true,1,
U102184,2019-10-06,COQUIMBO,Talca,organico,false,1,56
U100485,2024-11-23,Biobío,Quilpué,organico,true,,39
U100711,2024-05-28,Biobio,Talca,email,true,,28
U103489,2022-10-25,LOS LAGOS,Santiago,pagado,true,1,37
U103248,19/07/2021,O'Higgins,Puente Alto,organico,true,,69
U103189,2025-01-02,Los Lagos,Puerto Montt,directo,true,,30
U102255,2019-04-25,Araucanía,Viña del Mar,directo,true,1,60
U100244,01-02-2023,Araucania,San Miguel,organico,true,1,32
U103066,11-01-2023,Tarapaca,Santiago,organico,true,1,33
U100537,2021-07-12,Del Maule,Puente Alto,organico,true,1,26
U102143,2024-03-03,Los Lagos,Puente Alto,UNKNOWN,true,0,40
U103481,05/06/2026,Maule,Talca,pagado,true,1,53
U100540,2022-02-02,Region Metropolitana,Providencia,,true,1,44
U100801,2026-01-29,Coquimbo,Antofagasta,organico,true,,39
U101337,2024-04-26,Del Maule,Talca,pagado,true,1,58
U100386,2025-08-22,Bio-Bio,Quilpué,organico,true,0,36
U103913,13-07-2026,Region Metropolitana,Concepción,pagado,true,,54
U103836,2025-03-19,Antofagasta,Viña del Mar,organico,true,1,52
U102853,25-09-2023,maule,Quilpué,email,true,1,74
U102911,2020-05-13,Tarapaca,Maipú,organico,true,0,55
U100674,21/10/2020,Biobio,Antofagasta,pagado,true,0,65
U100920,11/12/2021,Biobio,Puerto Montt,referido,true,1,
U102017,2025-12-23,Región Metropolitana,Puente Alto,organico,true,0,20
U102551,2023-10-16,Bío Bío,Ñuñoa,organico,true,1,48
U101627,2021-04-23,VALPARAISO,La Florida,pagado,true,,40
U102386,2024-09-07,R. Metropolitana,Maipú,pagado,true,0,66
U102883,2019-10-23,Maule,Iquique,organico,true,1,31
U103889,26/05/2019,Biobío,Quilpué,organico,true,1,41
U100809,16-04-2023,Region Metropolitana,Rancagua,organico,true,0,18
U101994,2021-05-21,Valparaíso,Viña del Mar,organico,true,1,46
U101667,2019-06-09,COQUIMBO,,directo,false,1,61
U102806,19/12/2019,RM,Antofagasta,email,true,0,41
U103873,2025-08-02,Antofagasta,,directo,true,1,49
U100313,2025-09-26,Libertador B. O'Higgins,Talca,UNKNOWN,false,1,
U100185,12/10/2024,Coquimbo,Concepción,directo,true,,68
U102472,16/03/2024,Metropolitana,San Miguel,directo,true,0,64
U100706,09/06/2022,antofagasta,Puente Alto,email,true,,18
U101266,2021-12-14,LOS LAGOS,Maipú,email,true,1,24
U103776,2022-04-07,LOS LAGOS,Concepción,directo,true,1,71
U103537,2024-01-22,BIOBIO,Maipú,directo,true,1,53
U103203,2019-07-27,La Araucania,Iquique,organico,true,1,26
U101796,30/04/2020,Libertador B. O'Higgins,Quilpué,organico,true,0,62
U103892,2022-10-10,Antofagasta,Maipú,organico,true,0,24
U103835,2022-05-09,R. Metropolitana,Las Condes,directo,true,0,32
U103378,2023-05-06,Tarapaca,Iquique,directo,true,,30
U100846,09/07/2024,LOS LAGOS,Ñuñoa,organico,true,0,34
U103288,19/03/2019,Ohiggins,Quilpué,email,true,1,42
U103164,2026-02-22,O'Higgins,La Serena,email,true,,26
U103390,24/05/2024,Tarapacá,Rancagua,organico,true,,
U102430,2021-04-16,Los Lagos,Providencia,directo,true,0,25
U103355,2019-09-30,LOS LAGOS,Quilpué,UNKNOWN,true,,51
U100927,2019-12-30,Antofagasta,Quilpué,organico,true,,34
U101073,2019-11-09,Los Lagos,Concepción,,true,0,43
U102769,06/08/2019,O'Higgins,Ñuñoa,organico,true,1,69
U100247,2025-10-31,antofagasta,,UNKNOWN,true,1,56
U103502,2021-06-17,Valparaiso,Puente Alto,organico,true,,26
U103148,2021-06-12,COQUIMBO,,directo,true,1,63
U102561,01/01/2020,Libertador B. O'Higgins,Temuco,organico,true,1,52
U102253,27/08/2025,Araucanía,La Florida,pagado,true,,64
U103997,2022-03-13,Bio-Bio,Rancagua,email,true,0,19
U103657,2019-03-02,los lagos,Quilpué,directo,true,0,20
U103752,2024-03-04,antofagasta,Puente Alto,pagado,true,,71
U103510,2021-06-02,COQUIMBO,Concepción,organico,true,0,22
U101116,2021-03-06,Ohiggins,Antofagasta,organico,true,,66
U102243,2024-07-18,maule,Providencia,email,true,0,41
U103350,2023-01-15,Del Maule,Maipú,pagado,false,1,
U103179,2023-05-01,Libertador B. O'Higgins,Santiago,organico,,0,60
U101271,23/04/2023,Bio-Bio,Talca,directo,true,1,35
U101367,25-05-2025,Antofagasta,,organico,true,1,40
U100016,2019-10-27,Metropolitana,La Florida,organico,true,0,58
U102488,2023-09-01,R. Metropolitana,San Miguel,referido,true,1,39
U100907,2020-10-06,La Araucania,Antofagasta,organico,true,1,57
U103497,2026-02-02,Metropolitana,Las Condes,UNKNOWN,true,0,46
U100812,2022-12-10,Tarapaca,Temuco,,true,0,68
U100612,2023-01-03,los lagos,Concepción,organico,true,1,21
U100145,2024-01-03,Los Lagos,Rancagua,organico,true,0,36
U101121,19/11/2022,Tarapaca,,referido,true,1,25
U100071,02/06/2022,Araucania,La Serena,pagado,true,,65
U101018,06-01-2025,maule,,pagado,true,,0
U102001,17-08-2020,Araucania,Viña del Mar,pagado,true,,70
U103035,2019-11-22,Los Lagos,La Serena,organico,true,1,54
U102836,2019-10-15,Valparaíso,Maipú,organico,true,1,61
U102751,2019-07-10,COQUIMBO,Providencia,directo,true,0,72
U100077,29-02-2020,La Araucania,La Serena,pagado,true,1,35
U102890,2026-05-25,Araucania,La Serena,directo,false,,27
U100197,2024-07-06,antofagasta,Viña del Mar,organico,true,0,51
U100925,2020-01-08,Tarapaca,Ñuñoa,organico,true,1,37
U103834,27/02/2024,maule,Ñuñoa,directo,false,1,64
U100522,07/05/2020,Antofagasta,Las Condes,referido,true,1,36
U103922,2024-04-07,V region,Quilpué,directo,false,1,64
U102520,2024-05-30,los lagos,Puente Alto,directo,true,1,
U102285,10/03/2025,La Araucania,La Serena,email,false,,30
U102044,2021-04-04,Del Maule,Santiago,email,true,1,
U102309,2021-07-16,Coquimbo,San Miguel,pagado,true,1,68
U103798,2026-02-26,Tarapacá,Viña del Mar,directo,true,0,34
U102707,2021-12-07,Valparaíso,Concepción,email,true,0,55
U100341,2025-06-25,Región Metropolitana,Quilpué,email,true,,46
U103758,2019-09-05,Maule,Maipú,directo,true,1,62
U100362,19/10/2025,Araucanía,Quilpué,,true,1,18
U102897,2025-11-17,Antofagasta,Antofagasta,,true,1,999
U103125,2024-08-14,COQUIMBO,Iquique,organico,false,1,24
U100574,2020-06-11,BIOBIO,Maipú,pagado,,1,33
U101783,26/04/2022,Bío Bío,Temuco,referido,true,0,25
U100639,2024-12-30,BIOBIO,La Serena,directo,true,,61
U100884,2023-12-31,V region,Puente Alto,directo,true,1,33
U102935,19-06-2019,Tarapaca,Ñuñoa,pagado,true,0,29
U103424,2025-03-14,Araucania,Las Condes,pagado,false,1,40
U102787,22/08/2020,Valparaiso,Temuco,pagado,true,,71
U103845,2019-04-23,LOS LAGOS,Rancagua,referido,true,1,
U100929,2023-07-09,La Araucania,La Serena,directo,true,0,47
U103563,07/10/2019,Biobio,Ñuñoa,UNKNOWN,false,1,52
U102032,2026-02-09,Araucania,Ñuñoa,organico,true,1,64
U100599,2021-05-30,Libertador B. O'Higgins,,organico,true,,21
U100074,2021-06-21,V region,Puerto Montt,organico,true,0,0
U100773,2019-11-28,Araucania,Talca,organico,,0,21
U100153,11/03/2026,Coquimbo,Las Condes,organico,false,1,25
U100075,21/11/2020,BIOBIO,Puente Alto,pagado,true,1,20
U102966,2023-10-21,Los Lagos,Concepción,directo,false,1,51
U103234,09/05/2020,Los Lagos,Antofagasta,email,true,0,72
U101912,2024-09-15,Tarapacá,Concepción,organico,true,0,62
U102781,2020-08-25,Región Metropolitana,,pagado,true,1,48
U101823,2020-01-16,Valparaiso,Quilpué,UNKNOWN,true,1,37
U101092,2023-11-29,Araucania,Rancagua,UNKNOWN,true,1,65
U100454,2021-11-03,R. Metropolitana,Quilpué,pagado,true,0,27
U102479,2023-11-29,La Araucania,La Florida,organico,true,1,55
U100717,2021-02-09,Tarapaca,La Serena,pagado,true,1,26
U101435,2019-03-18,Bio-Bio,Puerto Montt,pagado,true,1,24
U102422,2024-11-17,COQUIMBO,Providencia,directo,true,1,41
U101871,11-08-2024,R. Metropolitana,San Miguel,directo,true,1,18
U100218,2023-12-19,Del Maule,Las Condes,directo,true,1,33
U103029,2020-12-16,Maule,Iquique,organico,true,1,31
U101770,2024-09-06,Antofagasta,Puerto Montt,organico,true,1,42
U100988,2026-05-13,Region Metropolitana,La Serena,pagado,true,,64
U101093,2025-03-27,Bío Bío,Temuco,email,true,1,69
U100869,2019-11-30,Región Metropolitana,,email,false,1,25
U102377,2023-05-05,Los Lagos,Rancagua,pagado,true,0,23
U103285,2022-02-11,COQUIMBO,Antofagasta,email,true,,0
U100779,2024-05-01,VALPARAISO,Rancagua,organico,true,0,27
U100477,2021-07-08,Valparaíso,Ñuñoa,pagado,false,1,0
U100121,2025-05-29,O'Higgins,Viña del Mar,pagado,true,1,39
U100742,2025-03-24,Araucanía,Antofagasta,email,true,0,29
U100413,23-04-2023,Tarapacá,Iquique,organico,true,1,32
U103087,16/02/2025,maule,Concepción,organico,true,0,44
U100984,20/03/2025,los lagos,Talca,organico,true,1,22
U103929,2020-07-20,Coquimbo,Puerto Montt,referido,true,1,42
U102537,2022-04-10,Antofagasta,Ñuñoa,referido,true,1,35
U100980,17/09/2023,Ohiggins,Maipú,directo,true,1,32
U102393,27/11/2023,Valparaiso,Antofagasta,organico,true,,73
U103333,2019-01-01,Araucanía,,directo,true,1,23
U101574,2019-05-19,Biobío,Las Condes,pagado,false,0,29
U103166,2021-02-03,Antofagasta,Talca,email,true,1,48
U100937,07-10-2022,COQUIMBO,Puente Alto,pagado,true,0,25
U103964,2020-09-28,metropolitana,La Florida,pagado,true,1,65
U100269,2024-08-07,antofagasta,Santiago,email,true,1,57
U102592,2019-05-23,maule,,UNKNOWN,true,,63
U102277,2025-07-29,Araucania,Maipú,pagado,true,0,35
U101316,2020-02-29,RM,La Florida,referido,true,1,70
U102557,2019-08-22,O'Higgins,Iquique,pagado,true,1,70
U103532,2021-12-20,LOS LAGOS,Puerto Montt,email,true,0,71
U101510,2021-09-30,Tarapaca,Providencia,organico,true,0,18
U100301,29-01-2020,Valparaíso,,directo,true,1,43
U100026,2022-01-18,antofagasta,Quilpué,pagado,true,0,38
U100268,2022-05-15,VALPARAISO,Concepción,referido,true,0,69
U102667,2020-03-31,Araucanía,Puerto Montt,pagado,true,0,47
U102961,2019-07-27,Ohiggins,,pagado,true,1,68
U101719,19/02/2023,Region Metropolitana,Puente Alto,directo,true,0,47
U102535,2023-06-20,COQUIMBO,Iquique,pagado,true,1,61
U103479,2022-02-14,Tarapaca,Puente Alto,pagado,,0,59
U103084,14/02/2021,Araucania,,organico,true,1,74
U101647,2021-06-07,COQUIMBO,La Florida,organico,true,,64
U103716,2022-12-15,los lagos,Puerto Montt,pagado,true,0,23
U102577,2024-12-23,COQUIMBO,Iquique,pagado,true,0,25
U102002,2023-07-13,Araucania,,organico,true,0,20
U100347,2023-05-23,Valparaíso,Providencia,,false,,56
U101268,07-03-2024,antofagasta,Viña del Mar,organico,,1,40
U102536,2023-10-12,COQUIMBO,Iquique,pagado,true,1,30
U100203,2022-07-03,Coquimbo,,,true,0,72
U100686,29/08/2025,Araucanía,San Miguel,organico,true,1,34
U100181,14-01-2020,Valparaíso,Santiago,organico,true,1,
U100581,2024-01-29,Del Maule,Antofagasta,directo,true,1,32
U101390,13/07/2025,RM,Viña del Mar,,true,0,45
U103111,02-08-2022,los lagos,Providencia,organico,true,1,73
U103364,10-11-2024,Del Maule,Providencia,directo,true,,21
U101762,2020-11-29,Tarapaca,Temuco,pagado,true,,26
U102173,02-01-2021,Coquimbo,La Florida,UNKNOWN,true,1,66
U103039,2024-02-22,Biobio,Iquique,pagado,true,1,35
U100455,11-05-2020,Tarapaca,Temuco,email,false,0,40
U101261,14/04/2020,Maule,La Serena,organico,true,,60
U101107,2023-04-18,Coquimbo,Puerto Montt,pagado,true,1,20
U102481,2023-06-17,Coquimbo,Santiago,organico,true,1,53
U103453,07-04-2024,Antofagasta,Providencia,organico,true,1,69
U100336,05-02-2022,Los Lagos,Puerto Montt,organico,true,1,22
U102570,2026-06-03,Libertador B. O'Higgins,,directo,true,1,24
U101160,2024-11-17,Tarapacá,Temuco,pagado,true,1,45
U101447,2024-08-18,antofagasta,Viña del Mar,pagado,false,1,48
U100910,2022-12-07,Bio-Bio,Quilpué,organico,true,0,22
U101526,09/01/2023,Biobio,Viña del Mar,organico,true,0,65
U103751,29-07-2026,Araucania,Talca,directo,false,,48
U101057,22-12-2022,Antofagasta,La Florida,UNKNOWN,true,1,22
U103909,2020-01-16,Coquimbo,Rancagua,directo,true,1,28
U101294,2021-05-09,Biobio,Quilpué,pagado,true,0,23
U102415,2023-11-10,antofagasta,Puerto Montt,directo,true,1,23
U103872,2019-09-11,los lagos,Rancagua,referido,true,0,57
U102278,2019-02-18,los lagos,,pagado,true,0,50
U100500,2020-10-09,Araucania,,directo,true,1,39
U102708,18/06/2026,Coquimbo,Temuco,UNKNOWN,false,0,29
U102968,2025-07-02,COQUIMBO,Santiago,referido,true,1,62
U102254,18/05/2025,Tarapacá,Iquique,referido,true,1,27
U100311,2023-02-26,Antofagasta,Rancagua,email,true,1,999
U102050,2020-08-14,BIOBIO,Antofagasta,pagado,true,1,72
U103031,03-07-2022,Del Maule,,UNKNOWN,true,,0
U103891,2019-08-13,RM,Concepción,directo,true,,55
U101045,2023-10-12,Maule,Rancagua,pagado,true,1,51
U103180,2021-09-07,Ohiggins,Maipú,directo,true,,
U103231,2021-12-11,O'Higgins,Rancagua,directo,true,1,25
U102951,09-04-2026,Tarapaca,Viña del Mar,directo,true,0,45
U103235,2019-06-09,Ohiggins,Viña del Mar,referido,true,0,32
U101957,10-05-2020,COQUIMBO,Viña del Mar,UNKNOWN,true,1,27
U100556,2021-06-20,COQUIMBO,Viña del Mar,pagado,true,0,72
U103761,2025-10-20,antofagasta,Providencia,email,true,1,33
U103590,2024-03-29,VALPARAISO,San Miguel,pagado,true,0,-24
U103553,2022-04-02,V region,San Miguel,pagado,true,1,42
U103491,2021-01-31,Bío Bío,Puerto Montt,organico,true,0,67
U100777,2024-07-09,Antofagasta,Puente Alto,pagado,true,,45
U103668,2025-09-07,Valparaíso,Temuco,email,true,1,64
U101097,2020-07-30,los lagos,Temuco,email,true,1,36
U101908,2019-09-03,Coquimbo,Antofagasta,pagado,false,,55
U101547,07-06-2021,BIOBIO,Puente Alto,pagado,true,1,42
U103406,2021-04-07,Bio-Bio,Puerto Montt,organico,true,0,25
U101985,2019-05-23,Bío Bío,Antofagasta,organico,true,0,63
U103208,2025-08-25,Los Lagos,La Serena,directo,true,1,34
U103745,2022-05-28,Los Lagos,Rancagua,pagado,true,,63
U101484,2021-09-04,Maule,Ñuñoa,email,true,1,45
U101821,03/08/2024,los lagos,Providencia,organico,true,1,70
U103509,12/12/2023,antofagasta,Maipú,organico,true,0,25
U102962,22-08-2021,Tarapaca,La Serena,pagado,true,0,26
U100418,2024-01-07,Tarapacá,Puente Alto,organico,false,0,70
U100854,25/01/2021,COQUIMBO,Concepción,email,true,,24
U101482,2019-02-15,R. Metropolitana,Quilpué,directo,true,,22
U101831,2020-06-06,V region,,pagado,true,,45
U100155,2023-11-13,Araucanía,Temuco,organico,true,0,54
U102279,17-08-2024,Maule,Rancagua,organico,true,1,33
U102909,2021-04-15,Tarapacá,La Florida,email,false,1,31
U101701,2025-03-21,V region,Maipú,email,true,,74
U100357,13-09-2025,Antofagasta,Santiago,referido,true,0,74
U100502,10/04/2025,Antofagasta,,directo,true,1,52
U101186,2021-07-31,O'Higgins,Santiago,directo,false,0,43
U101324,2020-06-04,Bio-Bio,Providencia,pagado,true,1,45
U103884,2022-10-14,Bío Bío,Talca,directo,true,,74
U100942,2025-06-18,V region,Quilpué,pagado,true,0,49
U102097,11/03/2022,Tarapaca,Temuco,directo,true,1,
U100006,2022-12-16,antofagasta,La Serena,organico,true,1,45
U102438,2020-08-23,Maule,Providencia,organico,true,1,37
U101775,2019-01-26,Tarapaca,San Miguel,organico,true,1,67
U100273,2025-03-27,Tarapacá,Providencia,organico,true,0,41
U102875,2023-01-05,Valparaíso,Las Condes,directo,true,0,41
U103782,2026-05-01,Biobio,Concepción,organico,true,,56
U103236,2025-09-21,VALPARAISO,Antofagasta,directo,true,1,61
U100995,2026-04-18,Los Lagos,Concepción,directo,true,0,30
U101444,14/07/2022,los lagos,La Serena,organico,true,,33
U102375,2020-01-06,BIOBIO,San Miguel,organico,true,1,70
U103641,26/07/2019,Araucanía,Rancagua,email,true,,61
U102937,2025-11-28,VALPARAISO,Las Condes,directo,true,,47
U102910,25-01-2019,Del Maule,,pagado,true,,20
U102738,20-03-2026,COQUIMBO,San Miguel,directo,true,,23
U101513,18-09-2024,RM,Concepción,organico,true,1,38
U103306,30/06/2020,Araucania,Puente Alto,organico,true,1,50
U103484,18/01/2021,La Araucania,Maipú,email,true,1,20
U102483,2025-08-25,Tarapaca,Ñuñoa,pagado,true,0,44
U100387,2025-04-15,Tarapacá,Las Condes,organico,true,1,74
U103983,12-07-2022,metropolitana,San Miguel,organico,false,,58
U100917,2023-06-21,O'Higgins,Puente Alto,organico,true,0,60
U101839,2026-07-27,Coquimbo,Temuco,pagado,true,0,56
U101591,2021-10-22,Biobío,Antofagasta,email,true,0,26
U102526,2021-04-14,Los Lagos,Viña del Mar,organico,true,1,60
U102815,10/07/2019,R. Metropolitana,Temuco,organico,true,0,42
U102625,2026-04-26,antofagasta,Concepción,email,true,0,53
U102655,2021-03-09,R. Metropolitana,Viña del Mar,directo,,0,22
U100236,2024-01-05,Maule,Concepción,pagado,true,0,71
U100267,2020-12-25,LOS LAGOS,Viña del Mar,email,true,1,64
U101907,2023-09-22,Tarapacá,Concepción,,true,,74
U102150,2027-03-24,Bio-Bio,Las Condes,directo,true,1,50
U100374,25-08-2020,Valparaíso,Puerto Montt,organico,,0,-12
U101967,2020-04-30,Valparaiso,Temuco,directo,true,1,30
U102026,06/11/2024,Ohiggins,Ñuñoa,directo,true,1,29
U103860,2021-04-29,Tarapaca,La Serena,pagado,true,1,33
U100402,2019-01-13,los lagos,Temuco,pagado,,1,
U103674,2022-10-12,O'Higgins,Rancagua,pagado,true,,38
U103700,2022-10-19,O'Higgins,Viña del Mar,directo,true,1,74
U101512,2023-05-14,metropolitana,Puente Alto,pagado,true,,36
U101257,2024-08-05,Coquimbo,Ñuñoa,directo,true,1,38
U101691,2021-04-29,Bío Bío,Puente Alto,pagado,true,0,73
U103877,12-02-2020,Del Maule,Quilpué,directo,true,0,0
U102110,09/09/2019,Coquimbo,Santiago,email,true,1,35
U103332,2024-12-22,La Araucania,Maipú,pagado,true,0,66
U101887,2022-12-08,Los Lagos,San Miguel,organico,,0,19
U100822,2025-10-30,Valparaíso,Santiago,UNKNOWN,true,1,63
U102978,23-04-2019,La Araucania,Ñuñoa,directo,true,,33
U103279,2024-03-22,maule,Puente Alto,pagado,,,24
U103931,2027-02-03,LOS LAGOS,San Miguel,directo,true,1,28
U102327,2020-10-17,Antofagasta,Viña del Mar,organico,false,,31
U103469,2024-04-29,V region,Maipú,pagado,,1,40
U100520,11/05/2024,antofagasta,Concepción,organico,true,1,51
U103921,2020-03-08,BIOBIO,Ñuñoa,UNKNOWN,true,1,32
U100178,2022-03-28,BIOBIO,Concepción,pagado,false,1,33
U101361,26-08-2021,antofagasta,Quilpué,referido,true,0,57
U102711,2019-11-12,metropolitana,Ñuñoa,pagado,true,,44
U102240,05/09/2024,antofagasta,Puente Alto,directo,true,,31
U102202,2020-07-18,Valparaíso,Concepción,pagado,true,,32
U100548,23-03-2027,Los Lagos,Iquique,UNKNOWN,true,,65
U103673,2025-01-24,maule,Concepción,organico,true,,38
U102233,17/04/2019,Libertador B. O'Higgins,San Miguel,pagado,true,0,51
U101174,09/10/2025,COQUIMBO,Providencia,pagado,true,,42
U101123,17/01/2021,Valparaiso,Maipú,pagado,,1,30
U100626,2021-04-29,Bio-Bio,,organico,true,,58
U100196,2023-10-27,COQUIMBO,Temuco,directo,true,1,25
U101522,2025-09-20,V region,Temuco,email,true,1,65
U101350,08-06-2024,Valparaiso,Ñuñoa,pagado,,1,50
U102904,2025-09-23,Tarapacá,Viña del Mar,pagado,true,1,58
U102702,16-08-2023,COQUIMBO,Ñuñoa,directo,true,0,51
U101720,2023-01-30,Region Metropolitana,Rancagua,organico,true,0,0
U103371,2026-06-10,Tarapacá,Viña del Mar,organico,true,1,31
U103320,02-08-2022,Araucanía,Providencia,organico,true,1,-16
U102054,2022-04-27,Araucanía,,organico,true,1,62
U102274,2021-08-10,Ohiggins,Iquique,organico,true,1,19
U103436,2024-07-01,antofagasta,Providencia,UNKNOWN,true,1,53
U100770,09/08/2025,COQUIMBO,Viña del Mar,organico,true,1,23
U100397,2019-09-24,Antofagasta,Rancagua,pagado,true,,20
U103949,2019-10-03,Tarapacá,Puente Alto,email,true,,69
U101509,2025-10-21,Valparaiso,San Miguel,organico,,0,34
U100640,2024-06-02,Del Maule,Temuco,organico,true,,57
U101075,05-08-2023,O'Higgins,La Florida,organico,true,1,54
U101838,28/10/2023,Valparaiso,Temuco,pagado,true,0,45
U100543,2023-04-22,V region,Ñuñoa,organico,true,0,39
U101190,2023-06-14,R. Metropolitana,Talca,UNKNOWN,true,0,29
U101977,25/08/2025,Valparaíso,La Serena,referido,,1,66
U101134,25/11/2024,Araucania,Rancagua,referido,true,1,66
U101170,2023-06-30,Los Lagos,,organico,true,1,37
U103625,2020-04-05,Antofagasta,Providencia,directo,true,1,45
U100298,2025-05-28,Maule,Ñuñoa,UNKNOWN,true,1,38
U100118,2019-04-14,Metropolitana,La Serena,directo,true,1,27
U100493,2023-03-08,Tarapacá,La Florida,directo,true,1,58
U102694,2020-02-14,Maule,Concepción,organico,false,1,55
U101486,31/05/2019,Valparaiso,Antofagasta,pagado,true,0,55
U103747,2023-05-12,VALPARAISO,Viña del Mar,pagado,true,0,70
U102878,2019-09-28,Los Lagos,Antofagasta,organico,true,1,67
U103903,2026-05-13,Maule,Santiago,email,false,1,51
U103169,2021-06-02,Valparaiso,Concepción,referido,true,1,32
U101000,2023-12-05,Maule,La Florida,email,false,,41
U100553,2026-07-10,R. Metropolitana,Concepción,pagado,true,0,59
U100219,2023-06-13,O'Higgins,Antofagasta,pagado,true,0,67
U102507,08/08/2024,O'Higgins,Quilpué,directo,true,0,51
U103986,2024-06-04,Antofagasta,Temuco,pagado,true,0,29
U100730,2022-08-17,Libertador B. O'Higgins,Puerto Montt,pagado,,1,39
U102880,28/02/2023,V region,La Serena,organico,true,1,19
U100325,2025-08-19,Bio-Bio,Antofagasta,pagado,true,0,65
U100199,13/11/2020,Araucania,Temuco,organico,true,0,20
U103522,2023-04-28,VALPARAISO,Puente Alto,pagado,true,0,34
U101006,2019-11-01,Tarapacá,San Miguel,,true,1,56
U102822,07/07/2026,Coquimbo,Ñuñoa,pagado,true,,43
U101863,2026-07-13,Antofagasta,Viña del Mar,organico,true,1,21
U102157,2026-06-16,Valparaiso,San Miguel,organico,true,1,53
U100468,17/02/2024,antofagasta,Maipú,pagado,true,,68
U103399,2020-07-12,VALPARAISO,Santiago,pagado,true,1,
U102104,19/05/2026,Valparaiso,Santiago,referido,true,1,53
U101458,2019-07-19,LOS LAGOS,Providencia,directo,true,0,58
U102261,2025-10-17,COQUIMBO,La Florida,directo,false,1,27
U100037,2020-03-06,Tarapaca,Iquique,organico,true,1,54
U101114,26-06-2022,Los Lagos,Ñuñoa,organico,true,0,42
U103443,2022-09-05,Maule,,pagado,true,0,74
U101406,2021-06-04,La Araucania,Iquique,directo,true,1,48
U102060,2023-02-20,Tarapaca,La Serena,email,true,,66
U100538,24-07-2022,Biobío,San Miguel,organico,true,1,24
U100892,2024-08-18,Ohiggins,Santiago,pagado,true,0,32
U102311,2026-05-19,La Araucania,Talca,directo,true,0,50
U101988,2022-11-03,VALPARAISO,Las Condes,directo,false,0,19
U101127,2025-07-22,antofagasta,Puente Alto,directo,true,1,40
U100456,2026-02-28,Antofagasta,Iquique,organico,true,1,23
U103368,2021-06-27,maule,Ñuñoa,pagado,true,0,30
U100568,2020-03-01,COQUIMBO,Puerto Montt,organico,false,1,20
U100159,2024-03-19,VALPARAISO,Santiago,pagado,true,0,69
U102818,02/07/2026,O'Higgins,Rancagua,pagado,true,,58
U102058,26/04/2026,antofagasta,Iquique,pagado,true,0,54
U100697,2019-03-18,metropolitana,La Florida,directo,true,1,44
U103434,13-08-2025,Metropolitana,Iquique,directo,true,1,66
U100024,2024-01-31,Biobío,Ñuñoa,pagado,true,,23
U102065,2020-02-03,Ohiggins,Viña del Mar,,true,1,57
U102286,2021-10-02,O'Higgins,Iquique,,true,1,57
U100486,10-02-2026,R. Metropolitana,Viña del Mar,pagado,false,1,41
U103660,2024-05-13,Tarapaca,San Miguel,directo,true,1,51
U100694,2023-05-09,LOS LAGOS,Iquique,,true,1,26
U101774,2021-09-07,Del Maule,,organico,true,0,23
U103616,2019-01-08,Tarapaca,La Serena,referido,true,0,71
U102442,2020-05-23,Tarapacá,Las Condes,referido,true,1,46
U102339,07-09-2021,LOS LAGOS,Maipú,email,true,1,66
U100766,2020-10-22,COQUIMBO,Las Condes,organico,true,0,38
U100092,2022-08-30,RM,Temuco,email,true,1,29
U102046,2022-05-19,Tarapacá,Talca,directo,true,,32
U103757,2026-04-17,Los Lagos,Quilpué,email,true,1,60
U100989,2020-05-23,los lagos,Temuco,directo,true,1,54
U102141,2022-08-24,COQUIMBO,Las Condes,organico,true,0,69
U101405,2024-06-22,Valparaíso,Antofagasta,,true,1,57
U101741,2026-05-01,COQUIMBO,Ñuñoa,directo,,,43
U101277,15-04-2026,Biobío,Puerto Montt,pagado,true,1,74
U103894,2024-11-30,O'Higgins,Talca,organico,true,0,57
U102370,2020-03-13,maule,Temuco,organico,true,0,52
U102258,2025-04-01,Del Maule,San Miguel,organico,true,0,74
U103693,2022-08-17,V region,Ñuñoa,referido,true,,65
U100990,21-05-2022,Tarapaca,San Miguel,directo,true,1,49
U102196,2024-01-02,maule,Puerto Montt,organico,true,0,0
U103654,23/08/2025,Biobio,Santiago,directo,true,,47
U102541,2021-09-20,BIOBIO,Maipú,pagado,true,,73
U101798,21/06/2019,Tarapaca,Temuco,organico,true,,43
U100344,12/07/2026,Araucanía,La Serena,directo,true,0,32
U103464,31/01/2019,los lagos,Temuco,directo,true,1,67
U102259,2026-01-16,Bio-Bio,La Serena,organico,true,1,67
U101754,2019-03-17,Libertador B. O'Higgins,Temuco,UNKNOWN,true,,72
U101696,2022-09-12,Los Lagos,Temuco,email,true,0,32
U101365,2022-09-11,LOS LAGOS,Viña del Mar,pagado,false,,72
U102064,15/04/2025,Región Metropolitana,San Miguel,directo,true,0,68
U103775,2025-03-14,metropolitana,Viña del Mar,organico,true,1,26
U102356,09-03-2025,La Araucania,,UNKNOWN,true,1,18
U103295,2024-10-25,Coquimbo,,pagado,true,,61
U100409,06/07/2023,Coquimbo,Viña del Mar,,true,1,31
U100334,2024-11-06,Valparaiso,Antofagasta,organico,true,1,42
U102578,31-03-2023,Del Maule,Puente Alto,referido,true,1,33
U101592,2020-07-29,COQUIMBO,La Florida,email,true,,67
U103058,2021-06-12,Del Maule,Maipú,pagado,true,1,19
U101090,2020-12-17,Bío Bío,Temuco,directo,true,,66
U101424,2020-07-16,Tarapaca,Las Condes,organico,true,0,69
U102347,2019-01-09,Ohiggins,Temuco,email,true,0,58
U100453,2022-11-05,Coquimbo,Antofagasta,organico,true,0,58
U102344,2025-03-07,COQUIMBO,San Miguel,pagado,true,1,70
U100034,23-03-2020,LOS LAGOS,Las Condes,email,true,1,54
U100122,2020-12-18,Araucanía,San Miguel,organico,false,0,50
U102432,24/10/2025,Los Lagos,Santiago,pagado,true,,18
U103446,16-10-2024,COQUIMBO,Antofagasta,pagado,true,1,42
U100172,2025-03-16,antofagasta,Maipú,email,true,1,59
U103317,2021-03-19,Del Maule,,organico,true,1,58
U101517,2023-05-11,Coquimbo,San Miguel,organico,true,1,45
U100065,04-11-2019,Biobío,Maipú,organico,true,,34
U100591,2025-10-29,Araucania,La Serena,email,true,1,59
U102364,2022-05-11,Araucanía,San Miguel,email,true,0,56
U103010,2022-08-13,Tarapacá,Concepción,pagado,true,0,74
U101312,14-12-2022,Valparaiso,Puerto Montt,organico,true,1,29
U100645,2025-02-07,Antofagasta,La Serena,organico,true,1,56
U101264,2025-02-21,O'Higgins,,email,true,1,30
U100703,2019-04-05,Valparaíso,Providencia,organico,true,0,41
U103261,2025-03-11,Valparaíso,Temuco,organico,true,,23
U100799,2019-02-24,Valparaiso,Ñuñoa,organico,true,1,34
U102481,2023-06-17,Coquimbo,Santiago,organico,true,1,53
U103091,2024-07-05,Región Metropolitana,Santiago,organico,false,0,31
U102092,2023-11-29,metropolitana,Santiago,referido,true,1,29
U103678,27/10/2022,Ohiggins,Rancagua,email,true,0,40
U100967,16/02/2025,los lagos,Providencia,organico,true,1,999
U103588,2025-08-07,Bío Bío,Ñuñoa,pagado,true,0,48
U103905,12/06/2026,los lagos,Puente Alto,pagado,true,,65
U100764,26/07/2019,Ohiggins,Ñuñoa,directo,true,1,63
U101234,2025-03-15,Bío Bío,San Miguel,directo,true,,51
U100495,09/01/2023,Tarapacá,Quilpué,directo,true,,0
U102549,14-04-2020,Antofagasta,La Florida,organico,true,0,32
U102739,2025-04-15,Araucania,Maipú,organico,false,0,57
U100346,2023-05-04,COQUIMBO,Quilpué,email,true,1,53
U103351,13-08-2022,La Araucania,Temuco,organico,true,1,57
U102379,2026-05-20,Del Maule,Concepción,organico,true,1,25
U100043,05-09-2020,Valparaiso,San Miguel,directo,true,0,74
U101635,2023-12-15,Coquimbo,Puente Alto,pagado,true,1,37
U103580,28-10-2021,Maule,Ñuñoa,pagado,true,1,45
U102272,2021-06-29,Maule,La Florida,organico,true,,60
U100804,14-06-2022,maule,Talca,pagado,true,1,29
U102755,23-11-2024,Valparaíso,Maipú,directo,true,0,30
U100230,06-12-2025,LOS LAGOS,Las Condes,pagado,true,,41
U100820,2021-06-01,Coquimbo,Maipú,email,true,1,56
U102704,2019-12-31,Araucania,,referido,true,,56
U101461,12/10/2020,Region Metropolitana,Puente Alto,organico,true,,68
U100541,26-09-2019,O'Higgins,Santiago,pagado,true,1,63
U102746,02/08/2024,Libertador B. O'Higgins,Rancagua,organico,true,,34
U102811,2021-09-11,Antofagasta,Rancagua,organico,true,1,52
U102722,2025-10-17,LOS LAGOS,Iquique,email,true,1,
U103192,14/01/2026,Bio-Bio,Iquique,pagado,true,1,35
U100009,2026-01-04,Antofagasta,Talca,pagado,true,0,51
U101140,2022-02-23,RM,La Serena,,true,,41
U102149,08/07/2025,Tarapaca,Concepción,pagado,true,1,73
U102048,2021-06-15,Ohiggins,,email,false,1,-25
U102913,2025-02-12,Coquimbo,Providencia,organico,true,1,73
U100673,07/04/2025,Maule,Las Condes,directo,true,1,62
U101334,2020-07-15,Del Maule,Quilpué,pagado,false,0,51
U101953,2020-11-02,Tarapacá,Viña del Mar,pagado,true,0,28
U102074,2019-03-17,Región Metropolitana,Antofagasta,referido,false,0,67
U102802,15/09/2025,RM,Concepción,organico,true,0,46
U103138,2025-12-17,Araucania,,organico,true,1,65
U100000,05/02/2022,Del Maule,Puente Alto,directo,true,,65
U101995,2025-05-21,antofagasta,Viña del Mar,referido,true,1,26
U103341,2026-05-11,Metropolitana,Antofagasta,email,false,,19
U102508,03/02/2025,Los Lagos,Las Condes,email,true,1,0
U103409,2023-12-04,Ohiggins,Concepción,pagado,true,,52
U101066,2019-01-24,Ohiggins,La Florida,directo,false,0,30
U101246,2021-05-13,antofagasta,Providencia,email,true,1,64
U103283,2019-09-03,Los Lagos,Iquique,pagado,true,1,
U103620,2026-07-29,Biobio,Viña del Mar,directo,true,1,39
U100339,2023-08-17,Coquimbo,Iquique,organico,true,0,36
U103490,20/02/2021,Araucania,Rancagua,organico,true,0,35
U103853,2019-06-10,maule,Rancagua,email,false,0,0
U100695,2025-02-07,R. Metropolitana,La Serena,directo,true,1,
U102486,2026-03-06,Araucania,La Florida,referido,true,0,18
U103478,13/03/2023,Region Metropolitana,Antofagasta,pagado,,1,
U100593,2022-02-18,Araucania,San Miguel,organico,true,0,23
U103344,2023-09-26,Biobío,,organico,true,0,32
U102206,2022-07-27,Maule,Talca,email,true,1,41
U101391,03/12/2020,los lagos,,directo,true,1,67
U100608,24/07/2021,Araucania,Concepción,directo,true,,50
U102310,2024-04-01,Araucania,Temuco,directo,true,1,59
U103762,13/02/2022,antofagasta,Viña del Mar,,,,29
U102599,2023-04-06,Del Maule,Providencia,organico,true,,54
U101693,2021-06-09,La Araucania,Temuco,pagado,true,,68
U101382,15-01-2021,Valparaiso,Temuco,organico,true,0,54
U103618,2025-06-01,Libertador B. O'Higgins,Puente Alto,email,true,0,34
U101389,2020-04-03,La Araucania,,directo,true,1,19
U101611,2022-02-24,Tarapaca,Maipú,organico,true,1,61
U102276,2023-08-20,Maule,Santiago,pagado,true,0,60
U100518,2019-06-09,RM,Puerto Montt,organico,false,1,29
U103336,2020-12-08,Ohiggins,Ñuñoa,directo,true,1,25
U102288,2025-08-26,Tarapacá,Rancagua,referido,true,1,35
U103257,2020-06-27,VALPARAISO,Rancagua,pagado,false,1,40
U103123,2021-07-30,VALPARAISO,Concepción,directo,true,1,56
U100289,2021-06-11,Del Maule,San Miguel,UNKNOWN,true,0,65
U101426,05-03-2024,Region Metropolitana,Providencia,pagado,true,,72
U101233,02-03-2021,Biobio,Puente Alto,organico,false,1,53
U103503,27-03-2022,metropolitana,Rancagua,directo,true,1,59
U102252,2022-06-20,Región Metropolitana,Antofagasta,organico,true,0,
U100930,15-05-2023,maule,Santiago,UNKNOWN,true,1,21
U101529,2024-09-06,Tarapacá,Concepción,directo,true,1,43
U100626,2021-04-29,Bio-Bio,,organico,true,,58
U102453,11/07/2020,V region,Ñuñoa,organico,true,,19
U102495,2022-03-29,V region,San Miguel,,true,1,64
U103482,2020-12-31,Maule,,organico,true,,47
U102367,2024-02-11,Valparaiso,San Miguel,,true,0,59
U100807,2020-03-26,Del Maule,Quilpué,pagado,true,,59
U102030,2024-04-18,V region,Las Condes,UNKNOWN,true,0,69
U102219,17/01/2019,los lagos,Viña del Mar,directo,true,0,20
U103214,2019-09-30,Biobío,,organico,true,1,50
U101717,2024-06-28,Libertador B. O'Higgins,Puerto Montt,pagado,true,0,60
U103195,2022-02-14,La Araucania,Quilpué,directo,false,0,29
U100206,05/02/2023,Ohiggins,,directo,true,0,71
U102214,20/01/2019,Los Lagos,Quilpué,pagado,false,0,41
U100858,04/08/2021,Valparaiso,Santiago,,true,1,26
U102127,2023-09-06,O'Higgins,San Miguel,pagado,true,0,45
U103162,25-03-2024,Libertador B. O'Higgins,Puente Alto,pagado,true,0,58
U101782,2023-10-11,Metropolitana,Talca,pagado,true,1,37
U103442,14/04/2025,Valparaiso,La Serena,pagado,false,1,65
U101199,13/10/2024,Bio-Bio,,organico,true,0,30
U101060,26-11-2024,Araucania,Antofagasta,organico,false,,44
U102813,2025-01-26,LOS LAGOS,La Florida,organico,true,0,33
U100564,2026-04-11,LOS LAGOS,Rancagua,organico,false,1,36
U101834,19/01/2022,metropolitana,Talca,organico,false,0,63
U100352,2024-04-24,Araucanía,,organico,true,,26
U100573,21/04/2024,O'Higgins,San Miguel,organico,true,1,24
U103764,30-08-2022,Del Maule,Puerto Montt,directo,true,1,24
U103967,2023-04-05,Maule,Antofagasta,UNKNOWN,true,1,66
U103956,15-05-2023,Araucanía,Antofagasta,organico,,0,24
U102590,2026-03-07,COQUIMBO,San Miguel,pagado,true,1,24
U100489,2021-04-18,VALPARAISO,Providencia,organico,true,1,28
U101763,20/03/2026,Bío Bío,La Serena,referido,true,1,63
U103008,2026-04-17,Antofagasta,Santiago,organico,true,1,69
U101789,2025-10-08,antofagasta,Antofagasta,UNKNOWN,true,0,46
U101751,2025-07-04,Biobío,Maipú,organico,true,0,26
U101452,13-09-2023,LOS LAGOS,Puente Alto,referido,true,0,40
U103953,2019-04-23,Ohiggins,,pagado,true,0,46
U100049,26/01/2026,Los Lagos,Ñuñoa,email,true,0,64
U101326,2021-05-18,Tarapacá,Quilpué,organico,true,,41
U101048,2020-10-13,Del Maule,Puente Alto,pagado,true,1,32
U101331,2024-10-23,La Araucania,Temuco,pagado,true,0,32
U103773,2023-07-06,R. Metropolitana,La Florida,organico,true,0,26
U101393,12/04/2026,VALPARAISO,Viña del Mar,email,true,,33
U103255,29/10/2023,COQUIMBO,Las Condes,pagado,true,1,64
U103006,2026-05-15,Metropolitana,,email,,1,29
U100048,2026-07-23,Región Metropolitana,Quilpué,pagado,true,1,36
U102022,2021-10-29,Maule,,pagado,true,1,25
U103394,2022-04-14,Tarapacá,,pagado,true,1,27
U101472,2020-12-21,Coquimbo,Rancagua,pagado,,1,57
U100182,2023-05-23,Ohiggins,,organico,true,1,45
U101333,2022-05-09,COQUIMBO,Antofagasta,referido,false,0,27
U102758,2025-02-09,metropolitana,Rancagua,directo,true,0,34
U103647,2020-02-21,La Araucania,Santiago,email,true,1,49
U101955,2019-05-14,Ohiggins,Puente Alto,referido,true,1,51
U100732,2025-09-30,Antofagasta,Ñuñoa,pagado,true,,71
U101321,2025-11-03,Tarapacá,Puerto Montt,pagado,true,0,20
U102794,01-11-2025,Antofagasta,Rancagua,directo,true,0,22
U103494,2023-02-13,Araucania,Puerto Montt,organico,true,,67
U102917,2024-02-03,maule,La Florida,pagado,true,1,57
U100173,2023-08-25,Araucania,,referido,true,1,999
U100246,17-01-2025,COQUIMBO,Puente Alto,pagado,true,1,27
U100688,15/03/2026,R. Metropolitana,San Miguel,organico,true,1,43
U100091,2023-05-28,Araucania,Santiago,directo,true,0,59
U100431,08/10/2023,Coquimbo,Concepción,pagado,true,0,61
U100670,2023-03-24,O'Higgins,Talca,organico,true,0,39
U101551,2020-12-23,VALPARAISO,Talca,directo,true,0,38
U102161,2026-01-16,Biobio,La Serena,directo,true,1,56
U100767,2023-10-10,maule,Viña del Mar,email,true,,21
U103298,23-10-2020,V region,Viña del Mar,directo,true,1,40
U101525,2026-07-24,Coquimbo,La Serena,organico,true,0,68
U103941,25/12/2021,La Araucania,Las Condes,organico,true,1,35
U103599,2024-05-09,Valparaiso,Ñuñoa,email,true,0,22
U100676,2019-09-05,COQUIMBO,Ñuñoa,organico,true,1,74
U102396,2026-06-17,Los Lagos,La Florida,directo,true,1,36
U101580,2025-09-16,Region Metropolitana,,organico,true,0,37
U101083,2025-08-02,Valparaíso,Concepción,email,true,0,48
U102345,2023-05-06,Region Metropolitana,Talca,organico,true,1,60
U102328,2026-07-21,Antofagasta,Providencia,pagado,true,1,32
U102241,2022-07-20,Region Metropolitana,Maipú,pagado,true,0,24
U103462,2025-11-30,Libertador B. O'Higgins,Maipú,organico,true,,55
U101947,2021-02-03,Los Lagos,Ñuñoa,email,,1,19
U103593,2025-08-28,Tarapaca,Antofagasta,pagado,true,,57
U100164,2021-06-02,Biobio,Iquique,organico,false,1,40
U100317,27-01-2025,Coquimbo,Iquique,organico,true,1,69
U100045,2023-07-11,VALPARAISO,Temuco,directo,true,,21
U102778,27/09/2022,Coquimbo,Providencia,email,true,1,19
U102718,2023-08-22,Del Maule,San Miguel,organico,true,0,27
U102850,19/02/2025,Tarapaca,Rancagua,email,true,1,20
U100457,2026-06-16,BIOBIO,Santiago,organico,true,1,30
U103253,22/11/2020,Libertador B. O'Higgins,,directo,true,0,55
U103016,19-01-2026,VALPARAISO,San Miguel,,false,0,70
U103160,2023-07-31,O'Higgins,La Florida,UNKNOWN,true,,58
U100193,03/08/2024,maule,Talca,organico,false,1,42
U101906,20-09-2022,maule,Ñuñoa,organico,true,0,39
U100248,2025-08-30,V region,Puente Alto,organico,true,1,43
U100420,2023-03-18,R. Metropolitana,Providencia,organico,true,,71
U100792,2022-05-03,Antofagasta,Ñuñoa,directo,true,1,
U101613,2020-02-21,LOS LAGOS,,pagado,true,,67
U100270,2026-06-23,Bio-Bio,Puerto Montt,pagado,true,,44
U101896,2020-01-13,Valparaíso,Maipú,pagado,true,0,20
U101888,2021-12-31,Tarapacá,Puerto Montt,email,true,1,41
U101571,2022-09-27,VALPARAISO,Maipú,email,true,,23
U102397,2022-01-15,LOS LAGOS,Talca,pagado,true,1,29
U101927,2019-02-14,La Araucania,Temuco,directo,false,1,23
U103728,2024-12-26,COQUIMBO,Rancagua,organico,true,0,19
U100816,10-02-2023,LOS LAGOS,Rancagua,directo,true,0,48
U101576,2025-03-08,O'Higgins,Iquique,pagado,true,0,23
U101541,2019-06-16,Coquimbo,Iquique,pagado,true,1,21
U101851,05-12-2021,Los Lagos,Talca,pagado,true,1,37
U102107,2023-08-22,los lagos,Providencia,organico,true,1,58
U103898,30/09/2022,Coquimbo,Las Condes,organico,true,,
U102124,2020-11-25,antofagasta,,email,true,0,71
U100464,06-04-2023,Tarapacá,Concepción,organico,true,1,58
U100052,21-03-2023,Bio-Bio,La Florida,organico,true,1,60
U101679,2020-08-29,Araucanía,Rancagua,organico,true,1,38
U100998,2021-01-08,Libertador B. O'Higgins,Quilpué,pagado,true,0,42
U102720,07-11-2024,COQUIMBO,,,true,1,31
U102965,23-11-2025,maule,Concepción,pagado,true,0,42
U100625,2024-04-09,Tarapaca,Ñuñoa,directo,true,0,53
U101363,2020-06-06,Valparaíso,Talca,organico,true,,63
U101842,2020-05-09,Tarapacá,Temuco,referido,true,,52
U100873,03/12/2019,Los Lagos,Temuco,email,false,0,54
U102162,2023-01-03,Maule,Puerto Montt,pagado,true,1,64
U102959,2026-05-17,LOS LAGOS,Talca,pagado,true,,48
U101624,2025-04-10,Valparaiso,Puerto Montt,pagado,true,0,33
U101059,2019-12-16,Ohiggins,Maipú,directo,false,0,39
U103908,21/03/2024,VALPARAISO,La Serena,pagado,true,0,42
U102280,20-08-2022,Tarapacá,,pagado,true,1,37
U101055,2019-08-03,metropolitana,Las Condes,email,true,0,63
U102468,2024-05-11,Tarapacá,Puente Alto,pagado,true,1,32
U101473,19/07/2026,V region,Concepción,organico,true,0,25
U101884,2024-04-30,los lagos,San Miguel,organico,true,1,20
U101636,29/03/2023,Del Maule,Iquique,UNKNOWN,true,,34
U102351,2019-02-01,Coquimbo,La Serena,directo,true,0,46
U101537,2026-01-28,Valparaiso,Ñuñoa,organico,true,,57
U101711,2024-05-19,Región Metropolitana,Providencia,referido,true,0,
U102558,2022-09-06,Libertador B. O'Higgins,Puerto Montt,email,true,,64
U102210,29/09/2020,Araucania,Viña del Mar,organico,true,1,70
U100063,20/07/2021,Maule,Providencia,organico,true,,54
U103201,2025-10-08,COQUIMBO,Talca,pagado,true,,999
U100299,2025-07-23,Valparaiso,Santiago,pagado,true,,29
U100451,26/11/2023,Del Maule,Temuco,organico,true,1,57
U103850,2022-06-18,La Araucania,,organico,true,,71
U103116,04/06/2026,Coquimbo,Talca,pagado,true,1,54
U100641,2025-02-05,Coquimbo,San Miguel,pagado,true,1,65
U100817,2022-05-25,Ohiggins,Antofagasta,organico,false,0,29
U103977,2025-10-31,Ohiggins,La Serena,email,true,1,47
U101736,2020-07-09,Region Metropolitana,Ñuñoa,UNKNOWN,true,1,47
U100010,20-12-2020,Antofagasta,,organico,true,1,38
U103171,2019-02-10,Coquimbo,Maipú,pagado,false,1,38
U100784,2023-10-03,maule,Santiago,organico,false,1,29
U102604,24/04/2024,Antofagasta,Rancagua,referido,true,1,56
U101671,2020-12-17,Región Metropolitana,Antofagasta,organico,true,0,47
U101253,2022-05-02,COQUIMBO,Las Condes,UNKNOWN,,0,39
U102444,07/08/2023,Biobio,Puente Alto,organico,true,1,18
U103761,2025-10-20,antofagasta,Providencia,email,true,1,33
U101778,2024-11-16,metropolitana,San Miguel,pagado,true,,38
U102080,09/11/2024,Valparaíso,Providencia,organico,false,,58
U102077,18/07/2024,Ohiggins,Temuco,directo,true,1,30
U101536,2019-08-15,Coquimbo,San Miguel,directo,false,0,27
U101249,2020-01-03,maule,Providencia,directo,true,1,67
U100226,2019-04-19,Antofagasta,Iquique,pagado,true,0,25
U102948,2019-08-16,los lagos,Las Condes,organico,true,1,60
U100263,13/11/2025,Maule,Puente Alto,organico,true,0,34
U100936,2019-09-29,Región Metropolitana,San Miguel,organico,true,0,36
U101597,07-09-2023,Valparaiso,Puente Alto,directo,true,1,73
U102114,2023-05-20,Los Lagos,Iquique,pagado,true,1,44
U100507,2022-08-29,Biobio,Temuco,,true,,42
U102529,2022-05-31,V region,Rancagua,pagado,true,1,48
U101689,08/05/2019,Valparaiso,Concepción,organico,true,0,69
U103897,2024-12-12,Araucanía,Ñuñoa,,true,0,25
U100549,2020-02-20,COQUIMBO,Talca,organico,true,0,65
U100723,2024-10-02,Araucania,San Miguel,email,true,1,25
U100800,2019-09-20,Coquimbo,Quilpué,organico,true,0,41
U100372,10-12-2022,Tarapacá,Quilpué,directo,true,1,72
U101374,2019-02-18,Tarapaca,Puente Alto,organico,true,1,53
U100462,2019-01-28,maule,Ñuñoa,organico,true,1,29
U103105,2025-05-19,Antofagasta,Maipú,organico,true,0,32
U101944,2025-12-17,Tarapacá,Providencia,pagado,true,1,36
U103869,2025-06-21,Tarapacá,Rancagua,pagado,true,0,0
U103855,2023-11-19,Antofagasta,Santiago,pagado,true,,53
U100138,26-05-2026,Los Lagos,Quilpué,pagado,true,0,43
U100667,2021-06-01,Tarapacá,Providencia,email,true,1,50
U103119,2022-10-10,los lagos,,organico,true,1,56
U101867,2022-12-27,Ohiggins,Rancagua,directo,true,1,43
U102627,2024-03-25,Coquimbo,San Miguel,,true,1,21
U102993,18-07-2021,Tarapaca,La Serena,pagado,false,1,33
U101933,2022-12-12,BIOBIO,San Miguel,directo,true,1,53
U102503,06/12/2022,RM,Rancagua,pagado,,1,22
U100087,28/09/2022,antofagasta,Puente Alto,organico,true,1,37
U103767,2020-11-25,Araucanía,Puerto Montt,organico,true,1,46
U101744,2025-11-03,los lagos,Temuco,directo,true,0,63
U101699,18-07-2024,LOS LAGOS,Ñuñoa,organico,true,0,71
U100577,08/04/2019,Valparaiso,Puerto Montt,pagado,true,0,64
U100580,22-11-2020,RM,La Serena,directo,true,0,57
U100257,22/05/2020,VALPARAISO,San Miguel,pagado,true,1,66
U100874,2019-01-16,Biobío,Talca,organico,true,0,30
U102826,05/06/2024,La Araucania,Concepción,pagado,true,0,43
U102936,2021-01-05,Araucania,Concepción,pagado,true,1,63
U101519,27/05/2024,BIOBIO,Puente Alto,directo,true,1,74
U103795,2021-02-17,maule,La Serena,organico,true,1,55
U102931,2023-03-14,Tarapaca,Iquique,organico,true,1,31
U100038,2023-07-09,La Araucania,Providencia,organico,true,1,43
U103606,2021-09-07,Bío Bío,Antofagasta,pagado,true,1,18
U102414,2020-01-21,O'Higgins,Iquique,UNKNOWN,true,0,18
U101325,2020-03-12,Antofagasta,,organico,true,1,
U100125,2020-01-26,Antofagasta,,,true,1,
U100275,23/03/2020,Bío Bío,Viña del Mar,referido,true,0,73
U103237,2019-04-26,Coquimbo,Iquique,organico,true,1,50
U103471,08-11-2020,Valparaiso,Concepción,organico,true,1,49
U101676,2024-10-05,Región Metropolitana,Puerto Montt,email,true,0,59
U102888,2025-09-08,Biobío,Viña del Mar,directo,true,,61
U102684,2019-12-06,Ohiggins,Talca,organico,true,0,67
U101570,2020-10-13,LOS LAGOS,La Serena,organico,true,1,29
U101042,2025-05-13,maule,,UNKNOWN,true,1,27
U103619,15/02/2026,Valparaiso,Las Condes,directo,false,,999
U101063,2024-05-06,antofagasta,La Florida,organico,true,1,-5
U103188,2023-08-22,Bío Bío,Concepción,email,false,,41
U102658,2019-11-02,Tarapaca,Santiago,organico,true,1,34
U102412,2021-06-24,maule,Puente Alto,email,false,0,999
U103600,19/02/2022,Valparaíso,Concepción,organico,true,1,31
U100841,10/08/2024,Biobio,San Miguel,pagado,true,,24
U102727,2021-04-19,Valparaiso,Ñuñoa,directo,true,,23
U103615,2021-11-06,R. Metropolitana,Viña del Mar,email,true,0,31
U102469,13-02-2019,Biobio,Iquique,organico,true,0,40
U103743,2022-01-23,Tarapacá,Quilpué,email,true,1,0
U102454,08-10-2022,Coquimbo,,directo,true,1,66
U100966,2024-07-18,Metropolitana,Temuco,organico,true,1,20
U102932,2019-12-11,COQUIMBO,Ñuñoa,directo,,1,24
U102919,2020-02-23,Tarapaca,Providencia,organico,true,0,32
U102504,20-11-2022,Antofagasta,Temuco,UNKNOWN,true,1,19
U101978,2020-12-20,La Araucania,Ñuñoa,email,true,0,21
U103708,2024-07-31,LOS LAGOS,Viña del Mar,organico,false,0,
U103207,2020-11-14,BIOBIO,Ñuñoa,referido,true,0,58
U101198,2019-11-17,Biobío,Concepción,pagado,true,1,52
U102381,2019-01-20,antofagasta,Ñuñoa,,,1,72
U100220,30/09/2023,Tarapacá,La Florida,email,false,1,67
U100868,2026-07-06,Del Maule,La Serena,email,true,1,68
U102618,2025-05-23,La Araucania,Talca,pagado,true,1,55
U102705,2021-06-05,Coquimbo,Viña del Mar,organico,true,0,63
U103015,21-07-2027,Region Metropolitana,Iquique,pagado,true,1,20
U101383,2021-08-03,COQUIMBO,Talca,pagado,true,1,68
U100328,2026-04-14,Araucania,Ñuñoa,directo,true,0,23
U100324,2023-01-04,los lagos,Talca,directo,true,1,28
U103061,2022-06-04,Tarapaca,Talca,pagado,true,1,999
U103387,2026-02-18,Antofagasta,Viña del Mar,directo,true,0,48
U101027,2025-10-19,V region,Quilpué,email,true,1,71
U101919,2023-02-24,antofagasta,Temuco,organico,true,0,51
U100916,21/07/2020,Araucania,Maipú,organico,true,0,70
U102679,2020-10-24,Coquimbo,Maipú,pagado,true,,62
U103284,19/04/2022,Tarapaca,Maipú,pagado,true,1,62
U100369,2021-09-04,Antofagasta,Antofagasta,UNKNOWN,true,,21
U102391,2023-03-28,Valparaiso,Concepción,directo,true,0,66
U102451,2023-11-01,antofagasta,,directo,true,0,42
U100867,03-11-2025,COQUIMBO,Las Condes,directo,true,0,18
U103794,17/12/2022,Biobio,Maipú,pagado,true,1,41
U101554,03-11-2024,Tarapacá,San Miguel,organico,true,1,33
U102482,19/01/2026,Biobío,Concepción,organico,true,1,30
U101968,2023-02-20,BIOBIO,Antofagasta,organico,true,1,35
U102594,2022-10-19,Valparaiso,,pagado,false,,25
U103516,2019-09-20,V region,San Miguel,pagado,true,0,56
U102724,2020-03-13,Biobío,Talca,directo,true,1,32
U102082,11-06-2026,COQUIMBO,Puente Alto,directo,true,1,33
U101044,12/08/2022,La Araucania,San Miguel,pagado,true,1,19
U103340,17-08-2019,Valparaiso,Quilpué,organico,true,0,65
U101633,20/07/2025,metropolitana,La Florida,referido,true,1,52
U100307,2026-02-08,Biobío,Temuco,organico,true,1,57
U100731,2026-05-23,Tarapacá,Maipú,organico,true,0,23
U103809,02/05/2024,Maule,,organico,true,1,35
U102178,2024-12-20,Los Lagos,Viña del Mar,pagado,true,1,
U103644,2021-12-22,maule,Providencia,organico,true,1,42
U100833,2019-09-11,BIOBIO,Santiago,organico,true,1,46
U103322,2021-01-27,LOS LAGOS,San Miguel,directo,,,25
U103791,2022-02-15,Biobío,Quilpué,,true,1,67
U100030,2026-06-06,Tarapacá,Quilpué,referido,true,,70
U100810,29-01-2025,Araucanía,Puente Alto,UNKNOWN,true,0,35
U103713,2021-08-07,Biobío,La Florida,pagado,true,1,64
U101062,04/05/2021,Valparaiso,Talca,email,true,1,23
U102458,2026-03-12,COQUIMBO,La Florida,directo,true,1,58
U101408,2020-12-08,V region,Antofagasta,pagado,,0,30
U101518,03/09/2021,Tarapacá,Ñuñoa,referido,true,1,27
U102437,09/12/2019,Coquimbo,Temuco,directo,true,1,62
U103684,2022-03-24,Libertador B. O'Higgins,,UNKNOWN,true,0,70
U103310,2022-08-13,Libertador B. O'Higgins,Concepción,pagado,true,1,33
U102907,2023-03-16,antofagasta,,directo,true,,46
U101201,2019-03-11,LOS LAGOS,,referido,true,,53
U102615,10/09/2025,La Araucania,Temuco,pagado,true,0,39
U101498,2022-11-23,Bío Bío,La Serena,referido,true,1,999
U102402,2026-07-18,Antofagasta,Viña del Mar,pagado,,0,23
U103824,2023-06-06,VALPARAISO,La Serena,organico,true,1,59
U103174,2022-05-24,COQUIMBO,Iquique,organico,true,1,38
U100147,2021-02-26,Coquimbo,Maipú,organico,true,,27
U103086,31/07/2023,Antofagasta,,directo,true,,38
U100383,19/12/2022,LOS LAGOS,Providencia,pagado,true,1,57
U103839,2022-04-25,metropolitana,Temuco,pagado,true,1,57
U100110,14/09/2024,antofagasta,Antofagasta,pagado,true,,35
U103090,2020-07-05,Libertador B. O'Higgins,Rancagua,email,true,0,46
U102145,2020-07-28,Araucania,Puente Alto,referido,true,1,66
U103770,14-10-2021,Araucania,Las Condes,pagado,true,,39
U101086,2025-07-19,Coquimbo,Antofagasta,email,true,0,69
U103200,25/12/2023,Tarapaca,Rancagua,organico,true,1,38
U102297,2025-10-02,Valparaiso,Iquique,pagado,true,0,37
U101420,2025-11-28,antofagasta,,UNKNOWN,true,1,72
U103393,2024-05-15,Coquimbo,Puente Alto,organico,true,1,30
U102478,02/07/2021,Valparaíso,Talca,organico,true,,54
U101033,2025-03-18,O'Higgins,Iquique,pagado,true,1,24
U102941,2020-06-29,O'Higgins,Puente Alto,pagado,true,0,25
U103440,21/02/2025,Biobío,Maipú,pagado,true,1,67
U100002,19-06-2019,Bío Bío,Puente Alto,pagado,true,1,49
U103621,2022-02-14,O'Higgins,,pagado,true,,0
U103070,2022-02-12,O'Higgins,Antofagasta,organico,true,1,18
U100893,2023-03-04,R. Metropolitana,,organico,true,0,43
U102698,2025-09-01,Araucania,Puente Alto,email,true,0,41
U102275,2026-05-31,Tarapacá,Maipú,organico,true,0,37
U101476,2024-11-16,Tarapacá,,pagado,true,,24
U101076,2026-01-12,Del Maule,Puente Alto,organico,false,1,31
U101343,2026-06-04,R. Metropolitana,,pagado,true,,33
U102688,2023-05-12,Ohiggins,Rancagua,organico,true,1,35
U102223,2024-01-16,Araucanía,Antofagasta,pagado,false,0,39
U100114,28/01/2020,Maule,Providencia,email,true,1,59
U103972,2023-03-13,Ohiggins,Rancagua,pagado,true,1,33
U102268,2022-06-10,Región Metropolitana,Talca,email,true,1,46
U101718,13/05/2022,Libertador B. O'Higgins,Rancagua,pagado,true,0,54
U100432,2021-07-16,Libertador B. O'Higgins,Quilpué,,true,0,50
U102881,2019-04-09,Libertador B. O'Higgins,Puente Alto,pagado,true,0,74
U100163,01-06-2020,O'Higgins,Providencia,directo,true,1,56
U102877,2020-04-22,Araucanía,Providencia,,true,,70
U102398,2022-01-22,COQUIMBO,Maipú,directo,true,1,
U100754,17/12/2022,Antofagasta,Puerto Montt,UNKNOWN,false,1,54
U102348,2021-02-13,antofagasta,Santiago,organico,true,1,38
U103756,2023-07-30,Libertador B. O'Higgins,Puerto Montt,directo,true,,44
U100870,03/09/2021,Antofagasta,Maipú,organico,true,,61
U102333,13/10/2020,antofagasta,Antofagasta,pagado,true,0,42
U100870,03/09/2021,Antofagasta,Maipú,organico,true,,61
U101181,2025-06-28,Maule,Quilpué,directo,true,0,
U102185,2025-01-02,antofagasta,Maipú,referido,,0,25
U101163,2019-11-13,los lagos,Maipú,pagado,true,,28
U100685,2019-01-13,antofagasta,Santiago,referido,true,,51
U102401,2023-07-31,O'Higgins,Viña del Mar,email,true,0,43
U103064,2023-02-18,Coquimbo,Iquique,email,true,,47
U101523,15/04/2026,COQUIMBO,Viña del Mar,organico,true,1,48
U101209,2019-11-16,Araucania,Viña del Mar,referido,true,1,28
U102363,21/05/2020,LOS LAGOS,Viña del Mar,,true,1,-22
U101223,06/12/2019,Tarapacá,Santiago,pagado,true,1,61
U100590,2020-07-06,Maule,Quilpué,organico,true,,68
U103981,2021-03-03,Araucanía,Santiago,pagado,false,1,68
U102563,2026-05-12,Tarapacá,La Serena,pagado,true,1,53
U101942,2022-12-27,Biobio,Temuco,pagado,false,1,58
U102849,2020-01-31,Antofagasta,Quilpué,organico,true,1,50
U103027,2022-04-16,Del Maule,La Florida,email,true,0,46
U103664,03-04-2025,BIOBIO,Providencia,organico,true,,43
U103307,31/01/2019,Araucania,Concepción,organico,true,1,23
U100384,2019-02-09,COQUIMBO,Temuco,directo,,,50
U102091,2025-08-28,Araucanía,Rancagua,referido,true,0,59
U103881,17/06/2024,Tarapaca,San Miguel,organico,true,0,30
U103110,26/10/2025,Maule,Puente Alto,organico,true,,54
U102845,2023-10-17,Coquimbo,Viña del Mar,organico,true,,72
U101409,2019-08-01,Tarapacá,Puerto Montt,,true,,
U101899,14/11/2024,maule,Las Condes,pagado,true,1,49
U103437,2021-10-28,Araucanía,Temuco,pagado,true,1,32
U103455,29-07-2025,R. Metropolitana,La Florida,pagado,true,0,49
U102205,03/12/2020,antofagasta,Rancagua,organico,true,1,31
U100443,2024-05-14,Tarapacá,Antofagasta,pagado,false,1,66
U100950,2025-12-05,Antofagasta,Rancagua,email,true,1,36
U102649,16-04-2020,Del Maule,Antofagasta,organico,true,,54
U100104,2022-02-27,La Araucania,La Serena,directo,true,1,54
U102088,2019-06-26,antofagasta,La Florida,directo,true,,
U100224,2022-10-11,COQUIMBO,Antofagasta,email,true,1,38
U103723,07-06-2022,Metropolitana,Viña del Mar,organico,true,,27
U103513,2021-03-03,La Araucania,Puente Alto,email,true,0,50
U100747,2019-08-31,Libertador B. O'Higgins,Rancagua,,true,1,52
U101675,27/04/2021,Tarapaca,San Miguel,directo,true,1,38
U101351,2024-12-09,Araucanía,Las Condes,organico,true,0,71
U102774,2022-04-26,R. Metropolitana,Las Condes,pagado,true,1,44
U103712,2025-06-21,Del Maule,La Florida,organico,true,0,72
U102165,2019-09-23,VALPARAISO,Santiago,referido,true,0,37
U102523,2020-06-29,Libertador B. O'Higgins,Temuco,,true,1,
U100778,2019-12-10,antofagasta,La Florida,pagado,true,1,21
U103882,2020-07-22,maule,Puerto Montt,directo,true,0,0
U100303,2019-01-12,VALPARAISO,,pagado,true,0,70
U103744,2020-08-23,LOS LAGOS,Maipú,pagado,true,0,64
U103692,03/10/2019,los lagos,San Miguel,directo,true,1,24
U101287,08/10/2025,antofagasta,Maipú,pagado,true,0,42
U101227,03/09/2023,Región Metropolitana,Puente Alto,pagado,true,1,22
U103331,2022-07-14,Tarapacá,Talca,organico,true,0,44
U103071,28/06/2025,COQUIMBO,Temuco,pagado,true,1,18
U103943,2022-04-23,Antofagasta,Providencia,referido,true,,35
U100783,2024-08-26,O'Higgins,Ñuñoa,organico,true,1,27
U103506,05-10-2024,Coquimbo,Viña del Mar,referido,true,1,999
U101256,2022-05-02,LOS LAGOS,Concepción,directo,true,,69
U103457,11-02-2023,Libertador B. O'Higgins,La Florida,,true,0,34
U102851,2020-12-20,Coquimbo,Talca,pagado,true,,45
U103750,2021-02-08,La Araucania,Maipú,referido,true,,70
U102485,2023-02-24,Araucanía,La Serena,pagado,true,,41
U103665,2020-10-24,antofagasta,Las Condes,directo,true,,71
U103421,2021-03-12,Araucanía,Ñuñoa,directo,true,1,37
U100692,2019-11-08,Coquimbo,Talca,email,true,1,53
U103267,2025-07-09,Tarapaca,Viña del Mar,organico,true,1,68
U103143,2019-12-10,Del Maule,Iquique,pagado,false,1,42
U100948,23-11-2023,Coquimbo,Temuco,organico,true,0,73
U100664,27/06/2019,Los Lagos,,pagado,true,0,52
U103009,2023-09-06,Tarapacá,Las Condes,email,true,,48
U103045,2021-01-25,maule,Talca,organico,true,1,36
U100997,2026-02-16,Tarapaca,Rancagua,pagado,true,0,29
U100959,2024-10-28,Araucanía,,pagado,true,0,66
U102250,2022-04-08,Tarapaca,,pagado,true,0,29
U100614,2024-06-17,Tarapacá,Rancagua,organico,false,0,25
U102770,2022-09-10,Araucanía,La Serena,organico,true,,27
U102466,19-05-2020,maule,,organico,true,1,19
U103923,2023-09-10,R. Metropolitana,Iquique,pagado,true,1,43
U101341,2021-04-01,Biobio,San Miguel,organico,true,0,34
U101036,2020-04-06,metropolitana,Viña del Mar,directo,true,0,39
U100826,2024-10-11,Antofagasta,Iquique,email,true,1,50
U103669,2025-05-31,La Araucania,Puente Alto,organico,true,0,67
U103430,2023-03-28,Araucania,Antofagasta,UNKNOWN,true,1,
U103498,2022-10-12,Valparaiso,La Florida,directo,true,1,26
U102884,2022-07-16,COQUIMBO,Talca,organico,true,1,34
U101015,20/07/2024,V region,Iquique,organico,true,1,25
U102382,2019-04-20,Maule,Temuco,email,true,1,28
U101077,2024-06-15,Biobio,Maipú,email,true,1,67
U100134,28-07-2023,maule,Temuco,pagado,true,1,34
U103054,05-01-2021,R. Metropolitana,Ñuñoa,email,false,1,32
U101781,2019-05-13,BIOBIO,La Florida,directo,true,0,58
U100380,13/11/2025,Araucania,Providencia,pagado,,0,67
U102139,2022-11-21,Tarapacá,Providencia,directo,false,1,26
U102172,20-12-2022,Bío Bío,Maipú,organico,true,1,65
U101560,2019-08-25,O'Higgins,,directo,true,0,22
U103544,2020-01-26,COQUIMBO,Puente Alto,directo,true,1,56
U100806,2020-04-16,Del Maule,Antofagasta,referido,true,1,25
U103995,2021-12-12,La Araucania,Temuco,directo,false,0,41
U101993,2026-06-22,Tarapacá,Santiago,pagado,true,1,52
U102641,2025-11-22,Tarapacá,Providencia,organico,true,1,69
U101693,2021-06-09,La Araucania,Temuco,pagado,true,,68
U101530,18-07-2022,LOS LAGOS,Santiago,pagado,true,1,38
U100883,2019-07-18,LOS LAGOS,La Serena,directo,false,,69
U103865,2023-04-29,R. Metropolitana,Santiago,pagado,true,,29
U101623,2025-10-02,Tarapaca,,directo,true,0,58
U102112,2024-06-04,Antofagasta,Ñuñoa,email,true,1,35
U101401,05/01/2020,Tarapaca,Rancagua,email,true,1,66
U100994,2023-10-25,Araucania,Quilpué,pagado,true,1,56
U102425,28-11-2024,Araucania,Concepción,pagado,true,1,
U102689,2021-07-20,antofagasta,Talca,organico,true,1,57
U103303,06/02/2024,Antofagasta,Santiago,email,true,,40
U103158,2024-10-18,O'Higgins,Rancagua,UNKNOWN,true,0,50
U101130,2026-05-30,RM,Ñuñoa,referido,true,0,55
U103196,15-11-2021,Coquimbo,Concepción,referido,true,,58
U101007,2027-07-14,Libertador B. O'Higgins,La Serena,pagado,true,1,54
U102209,06/10/2025,Bio-Bio,Talca,pagado,true,1,25
U103278,2020-07-06,BIOBIO,,pagado,false,0,53
U102013,2022-09-28,Tarapacá,Viña del Mar,directo,true,0,50
U103963,21/01/2021,maule,Quilpué,pagado,true,1,56
U102318,2023-02-20,Araucanía,,organico,true,1,47
U101634,2019-07-06,antofagasta,Quilpué,referido,true,1,57
U101004,2022-07-17,La Araucania,La Serena,email,true,0,50
U102062,2021-07-06,Del Maule,Santiago,email,true,0,20
U102273,2024-04-17,Maule,La Florida,organico,true,,68
U102189,2023-02-13,Ohiggins,Maipú,email,true,,31
U100086,02/12/2024,Tarapacá,San Miguel,organico,true,1,23
U100944,2019-05-29,Bio-Bio,Puente Alto,referido,true,0,29
U103318,2023-10-12,Metropolitana,San Miguel,organico,true,1,57
U103610,10/05/2025,maule,Antofagasta,organico,true,1,25
U100238,27/03/2023,Valparaiso,Viña del Mar,pagado,true,1,68
U101795,2019-06-08,Antofagasta,Temuco,email,true,,56
U101151,2023-09-05,Valparaiso,Rancagua,organico,true,0,61
U100749,20-09-2019,Bio-Bio,Viña del Mar,pagado,true,1,55
U103659,2022-04-05,Los Lagos,San Miguel,directo,true,1,42
U103829,2024-03-15,Araucania,Viña del Mar,email,true,1,39
U102020,23-01-2022,Metropolitana,Temuco,organico,true,1,33
U101740,2019-12-24,Biobio,Iquique,organico,true,1,49
U102825,2019-03-05,Maule,Maipú,organico,false,1,40
U101254,2023-10-10,Del Maule,San Miguel,directo,true,1,18
U100472,06/06/2022,Araucania,Iquique,organico,true,1,31
U100963,2021-12-26,Biobio,Talca,organico,true,0,25
U101730,2024-01-14,Biobio,Providencia,directo,true,1,30
U103656,2022-02-09,Tarapacá,La Serena,organico,true,1,29
U101940,2021-11-22,Antofagasta,Quilpué,pagado,true,0,39
U100112,2024-04-19,RM,San Miguel,referido,false,1,39
U101818,2025-07-24,O'Higgins,Temuco,pagado,true,0,60
U103957,2022-08-27,O'Higgins,San Miguel,organico,true,1,21
U103500,2020-09-10,Valparaíso,Rancagua,pagado,true,,32
U102009,2020-01-21,Tarapaca,Concepción,organico,true,0,53
U102555,2024-08-14,antofagasta,Puente Alto,organico,true,1,67
U101805,2024-07-28,Araucania,,referido,true,1,-5
U100555,22/09/2020,O'Higgins,La Florida,organico,true,0,30
U100088,2022-07-14,antofagasta,San Miguel,email,true,1,36
U101625,24-01-2023,maule,Puente Alto,referido,true,0,31
U100852,2022-12-27,RM,Puerto Montt,organico,true,1,25
U103617,2022-08-07,BIOBIO,Ñuñoa,pagado,true,1,55
U101448,06/01/2026,Libertador B. O'Higgins,Iquique,UNKNOWN,true,1,20
U101397,2021-11-18,metropolitana,San Miguel,pagado,true,0,56
U102316,2019-10-13,Valparaiso,San Miguel,email,true,1,36
U100701,2025-11-18,O'Higgins,,organico,true,1,65
U102182,2022-01-04,Biobío,Puente Alto,organico,true,,-20
U103106,2024-02-04,Tarapaca,Rancagua,referido,true,1,44
U101869,2025-09-11,Libertador B. O'Higgins,Maipú,directo,true,,33
U103944,2022-05-10,Valparaíso,La Florida,directo,false,,23
U100107,2019-10-03,Libertador B. O'Higgins,Rancagua,pagado,true,0,65
U103854,22/11/2024,antofagasta,Puerto Montt,organico,true,0,56
U100536,2024-05-04,Araucanía,Santiago,organico,true,,35
U101205,2026-12-28,VALPARAISO,La Serena,organico,true,,42
U103755,2024-04-25,Libertador B. O'Higgins,Maipú,directo,true,,66
U103899,25/07/2025,VALPARAISO,Concepción,organico,true,0,47
U103630,2026-03-05,Antofagasta,Las Condes,,true,0,23
U102837,14-09-2019,los lagos,Temuco,pagado,false,1,40
U103857,29-08-2023,Del Maule,Quilpué,organico,true,1,21
U102198,2024-08-22,COQUIMBO,Providencia,pagado,true,1,36
U100186,2020-10-25,Bío Bío,Concepción,directo,true,1,25
U101126,2025-05-12,Biobio,Maipú,pagado,true,0,25
U100523,18-04-2020,LOS LAGOS,Santiago,directo,true,0,28
U100897,2024-04-19,Valparaíso,Las Condes,referido,true,1,53
U100818,17/09/2023,O'Higgins,Rancagua,email,true,0,29
U101263,2024-07-23,antofagasta,Concepción,organico,true,1,25
U102586,2020-12-21,metropolitana,Talca,directo,true,0,54
U100656,2022-08-26,Tarapaca,Temuco,email,true,,0
U100630,2021-09-21,R. Metropolitana,Puerto Montt,UNKNOWN,true,1,49
U100017,2023-09-18,BIOBIO,Viña del Mar,pagado,true,1,39
U102928,26-03-2020,La Araucania,,pagado,true,1,66
U102676,2020-09-21,Araucanía,Rancagua,organico,true,0,35
U100056,06/02/2023,Metropolitana,San Miguel,pagado,true,1,73
U102502,14-06-2026,LOS LAGOS,Temuco,email,true,1,32
U101434,2025-11-27,Biobío,La Florida,organico,true,0,45
U102562,2024-07-24,Antofagasta,Puente Alto,directo,true,0,47
U101987,07-03-2026,La Araucania,Concepción,organico,false,1,70
U101143,2020-09-14,Coquimbo,,pagado,true,1,27
U101005,2025-05-08,maule,Antofagasta,organico,true,1,35
U101467,2020-10-29,Metropolitana,,pagado,true,,43
U101539,2024-11-01,Tarapaca,Puerto Montt,pagado,true,,64
U101564,2021-10-01,O'Higgins,Quilpué,directo,true,0,18
U102176,2026-03-14,Antofagasta,Puerto Montt,UNKNOWN,true,1,32
U100480,2024-10-04,Araucanía,Concepción,UNKNOWN,true,0,31
U102797,2025-05-03,antofagasta,Concepción,UNKNOWN,false,0,38
U103518,2024-01-21,COQUIMBO,Antofagasta,organico,true,1,29
U101963,2025-01-27,Valparaíso,Maipú,organico,true,1,46
U102906,2023-12-07,COQUIMBO,San Miguel,pagado,false,1,56
U102748,2019-01-16,LOS LAGOS,Temuco,pagado,true,1,34
U102635,2022-04-19,Biobio,Puente Alto,organico,true,0,25
U103222,2024-05-08,Antofagasta,Iquique,pagado,true,1,29
U103275,2024-09-24,Antofagasta,Ñuñoa,organico,true,0,25
U101450,19-07-2022,O'Higgins,Quilpué,email,true,0,51
U103020,2023-01-13,Araucania,Puerto Montt,organico,true,1,
U102492,27/03/2024,BIOBIO,Temuco,,true,,55
U103197,22/05/2019,V region,Maipú,organico,true,1,
U101208,06/07/2021,O'Higgins,Iquique,directo,true,1,69
U102070,2021-04-09,Valparaíso,Antofagasta,pagado,true,,69
U101682,23-01-2020,Coquimbo,Ñuñoa,pagado,true,1,33
U102081,2021-04-19,LOS LAGOS,Temuco,organico,true,1,30
U103181,29-10-2021,Bio-Bio,Las Condes,,true,1,42
U100683,20-03-2025,Coquimbo,Providencia,pagado,true,0,74
U103475,2024-02-07,maule,La Florida,organico,true,1,55
U101078,2019-04-10,Tarapacá,Providencia,pagado,true,1,60
U100957,23/02/2022,La Araucania,Quilpué,directo,true,1,71
U102024,05-03-2025,Valparaiso,Rancagua,email,true,1,48
U101418,2024-06-24,Ohiggins,La Serena,organico,true,1,53
U100057,05-12-2019,V region,Santiago,organico,true,1,48
U100891,2019-01-18,Libertador B. O'Higgins,Ñuñoa,directo,true,1,18
U103068,10/10/2020,Coquimbo,Puente Alto,organico,false,1,57
U103459,2023-02-21,O'Higgins,Talca,organico,true,1,66
U102163,2023-03-29,Araucania,Iquique,directo,true,0,70
U102014,2021-09-11,RM,,pagado,true,0,28
U102242,2025-02-27,RM,Maipú,pagado,true,0,47
U103372,2019-11-15,Maule,Temuco,directo,true,0,44
U102069,23/08/2022,Antofagasta,Temuco,organico,true,0,47
U101483,2024-05-30,Del Maule,Ñuñoa,pagado,,,62
U103074,2021-02-02,Región Metropolitana,Puente Alto,referido,true,1,46
U101399,2019-10-27,O'Higgins,Antofagasta,email,true,1,35
U102094,11/11/2022,los lagos,Puente Alto,email,true,1,67
U101548,2021-03-31,Tarapaca,La Serena,email,true,1,60
U101638,2020-03-11,VALPARAISO,Temuco,organico,true,1,43
U100737,2022-12-01,Antofagasta,Concepción,organico,true,0,59
U101182,2026-05-01,VALPARAISO,Santiago,UNKNOWN,true,,43
U100256,2019-10-08,V region,Viña del Mar,directo,false,0,33
U103043,2020-01-23,Araucanía,Quilpué,organico,true,1,30
U103900,2025-12-09,los lagos,La Florida,organico,true,,63
U100668,13/04/2025,metropolitana,La Florida,email,false,0,26
U103356,2024-01-20,LOS LAGOS,Las Condes,referido,true,1,40
U102239,2019-01-23,Tarapacá,Quilpué,organico,true,0,30
U103915,25/10/2023,Metropolitana,Quilpué,organico,true,0,56
U103044,17/04/2021,Tarapacá,Las Condes,directo,true,0,42
U103550,2023-03-10,BIOBIO,Antofagasta,organico,true,0,33
U102843,2026-07-29,Libertador B. O'Higgins,Rancagua,pagado,true,,25
U101295,04/12/2025,COQUIMBO,San Miguel,organico,true,0,59
U102860,2020-04-25,Coquimbo,Ñuñoa,referido,true,1,29
U102717,2020-12-30,LOS LAGOS,Talca,,true,1,36
U101972,2022-04-26,Region Metropolitana,Puerto Montt,,true,1,65
U103611,01/08/2020,LOS LAGOS,Rancagua,pagado,true,1,0
U103135,2023-08-19,Los Lagos,Temuco,referido,true,0,47
U102886,07/08/2024,VALPARAISO,Antofagasta,pagado,true,1,44
U102494,2024-09-17,VALPARAISO,Rancagua,pagado,true,1,21
U101169,2023-01-03,COQUIMBO,Temuco,email,true,1,57
U101239,2022-03-12,los lagos,Puente Alto,organico,true,0,53
U100511,17/10/2021,Valparaiso,Rancagua,pagado,true,0,31
U101739,2022-08-12,V region,San Miguel,email,true,0,
U100055,2022-07-24,LOS LAGOS,Puente Alto,pagado,true,0,20
U103526,2023-05-31,LOS LAGOS,Puerto Montt,email,true,,63
U103569,07-01-2024,los lagos,San Miguel,pagado,true,,29
U102916,2019-04-30,Región Metropolitana,Puerto Montt,email,true,0,46
U101380,2025-11-09,COQUIMBO,Puerto Montt,pagado,true,1,22
U102041,04-02-2023,La Araucania,Iquique,email,false,1,63
U100514,07-01-2026,Libertador B. O'Higgins,Maipú,pagado,true,,67
U102513,2025-02-03,antofagasta,Concepción,email,true,0,69
U102086,08-07-2027,Región Metropolitana,Maipú,directo,true,1,58
U101615,2022-12-06,Araucanía,Concepción,email,true,0,
U102156,2020-10-07,Coquimbo,Santiago,referido,,,65
U102133,2021-10-05,RM,La Serena,pagado,true,1,53
U101639,15/09/2025,Valparaiso,La Florida,directo,true,,64
U103373,11-07-2021,Bío Bío,Providencia,referido,false,1,42
U103554,2024-03-18,antofagasta,Rancagua,organico,false,1,42
U100787,2025-07-05,Del Maule,Las Condes,email,true,0,50
U102517,22-11-2019,COQUIMBO,Iquique,pagado,true,1,58
U103738,2024-08-30,maule,Iquique,organico,true,1,25
U103069,09-01-2026,RM,La Florida,directo,true,1,26
U102552,20-07-2019,antofagasta,Quilpué,organico,true,0,30
U102939,2022-06-09,Antofagasta,Ñuñoa,email,true,0,60
U103240,2020-12-18,LOS LAGOS,Iquique,organico,true,0,40
U102090,2019-12-05,Metropolitana,Santiago,email,true,0,70
U101902,2021-07-08,Antofagasta,Quilpué,pagado,true,1,73
U103608,2024-07-10,Valparaíso,Puente Alto,organico,true,0,40
U103556,22/11/2020,los lagos,Ñuñoa,directo,true,1,31
U101023,2021-03-30,O'Higgins,La Serena,pagado,true,0,44
U101991,2019-05-16,LOS LAGOS,Ñuñoa,organico,true,,64
U100484,20/05/2026,los lagos,,organico,true,0,22
U100090,17/08/2019,Biobio,San Miguel,email,true,,52
U100513,2023-09-22,metropolitana,Puerto Montt,pagado,true,,33
U100013,2026-04-12,Antofagasta,,directo,true,1,37
U101922,2025-07-26,Coquimbo,Providencia,pagado,true,,44
U102119,2019-04-12,Tarapaca,La Serena,email,false,,33
U103958,2020-09-09,Bio-Bio,Puente Alto,organico,false,1,53
U103447,2025-10-06,los lagos,Temuco,,true,1,66
U100945,2019-09-08,Antofagasta,La Serena,UNKNOWN,true,,48
U100691,2026-02-27,Biobío,Iquique,email,true,0,72
U103585,2024-01-04,Region Metropolitana,San Miguel,referido,true,0,55
U100960,2021-12-18,Araucania,Viña del Mar,email,true,1,68
U103624,09-04-2022,Coquimbo,San Miguel,UNKNOWN,true,0,37
U103286,2024-08-27,Antofagasta,Las Condes,directo,true,0,64
U103362,2026-02-20,Araucanía,Quilpué,email,true,,26
U102987,11-12-2026,Del Maule,Quilpué,pagado,true,1,67
U101645,23-07-2021,Region Metropolitana,Concepción,organico,true,1,71
U100291,18-01-2021,Del Maule,Concepción,email,true,1,45
U102362,20/07/2025,Del Maule,Puente Alto,referido,true,0,65
U101939,2019-10-31,Tarapaca,Puente Alto,pagado,false,0,28
U103648,2022-03-13,Biobio,,email,true,1,29
U100272,13/03/2021,BIOBIO,Talca,email,true,,60
U102296,17/09/2019,Libertador B. O'Higgins,Rancagua,organico,true,,49
U101824,2026-04-02,Metropolitana,Las Condes,pagado,true,0,63
U100309,30-07-2026,Tarapaca,Maipú,pagado,true,,53
U101101,23-06-2025,Maule,Concepción,directo,true,,46
U100952,29/03/2024,maule,Temuco,pagado,true,0,54
U101368,03/04/2019,Araucanía,Antofagasta,organico,true,1,50
U100720,2026-03-18,Antofagasta,Las Condes,referido,true,,23
U101248,2025-10-30,Ohiggins,Quilpué,organico,true,,25
U103209,27/09/2021,COQUIMBO,La Florida,pagado,true,1,28
U103359,2019-05-07,metropolitana,Maipú,UNKNOWN,true,1,41
U102450,2023-05-01,Biobio,Ñuñoa,organico,true,0,47
U102392,2021-11-29,Araucania,Maipú,referido,true,0,41
U101996,2024-07-26,Tarapaca,Iquique,directo,true,0,73
U101643,2023-09-04,Los Lagos,Maipú,pagado,true,1,0
U100497,30/03/2026,Región Metropolitana,Providencia,UNKNOWN,true,1,
U102516,2021-02-21,Del Maule,Providencia,organico,,1,26
U102301,2026-04-24,La Araucania,Puerto Montt,organico,true,1,33
U101322,2023-09-19,V region,,organico,false,0,67
U102383,17/10/2019,O'Higgins,Maipú,pagado,true,1,35
U103460,30/03/2025,Tarapaca,,directo,true,1,
U101694,07/10/2022,Tarapaca,Las Condes,pagado,true,0,53
U100761,23/08/2020,Tarapaca,,pagado,true,1,22
U102567,2021-08-08,Valparaiso,Temuco,pagado,true,0,36
U100445,2026-01-09,Maule,Puerto Montt,UNKNOWN,true,0,63
U100198,2026-07-25,maule,Viña del Mar,pagado,,1,28
U100825,27-10-2020,Del Maule,Maipú,directo,true,,41
U103523,2025-10-04,V region,Puerto Montt,organico,true,1,41
U103272,2021-02-01,Coquimbo,Santiago,UNKNOWN,true,1,26
U102116,08-05-2022,COQUIMBO,Puente Alto,referido,,,61
U103258,2024-05-07,RM,Viña del Mar,directo,true,1,53
U101914,19-10-2023,R. Metropolitana,Puerto Montt,email,,,35
U102990,2024-03-08,Coquimbo,Concepción,email,true,1,41
U103567,2025-04-07,Valparaíso,San Miguel,pagado,true,0,22
U100211,05-07-2026,Libertador B. O'Higgins,,directo,true,1,62
U101607,2024-06-19,Metropolitana,Providencia,directo,true,1,21
U103817,2022-03-19,Ohiggins,La Serena,organico,true,1,70
U101492,2021-09-30,Libertador B. O'Higgins,Talca,organico,true,1,72
U103001,2022-04-19,Metropolitana,Quilpué,directo,true,1,56
U102147,2023-01-17,antofagasta,Providencia,directo,true,0,58
U102291,19/05/2023,Tarapacá,Concepción,pagado,true,0,33
U101759,14/03/2019,BIOBIO,,pagado,true,1,0
U101364,2023-07-24,LOS LAGOS,Antofagasta,organico,true,1,53
U101606,10/05/2022,Araucania,Puente Alto,organico,true,1,63
U100208,26/09/2022,Los Lagos,Iquique,pagado,true,1,999
U102926,2021-07-01,Metropolitana,Santiago,organico,true,1,39
U103501,2024-02-27,los lagos,Ñuñoa,email,true,1,62
U102528,2026-04-19,Biobío,Rancagua,directo,true,1,27
U100635,29-06-2023,Tarapacá,Providencia,organico,true,0,
U101068,2019-09-20,BIOBIO,,pagado,true,1,38
U101352,06/02/2025,LOS LAGOS,Rancagua,email,true,1,61
U102226,05/04/2025,Maule,San Miguel,UNKNOWN,true,1,32
U103733,2022-07-15,COQUIMBO,La Florida,directo,true,1,25
U102263,2019-10-08,COQUIMBO,La Serena,pagado,true,0,34
U102799,2024-04-18,COQUIMBO,Puente Alto,email,false,0,57
U100064,2021-09-01,Tarapaca,Ñuñoa,referido,true,1,28
U102581,12/05/2024,Libertador B. O'Higgins,Antofagasta,,true,1,23
U103800,2024-04-03,COQUIMBO,Ñuñoa,referido,true,,59
U100733,30-03-2023,La Araucania,Rancagua,organico,true,,53
U100912,10-02-2022,Bio-Bio,Maipú,directo,true,0,60
U103789,2023-02-03,R. Metropolitana,Santiago,pagado,true,1,20
U103651,2020-02-02,Los Lagos,,referido,true,,33
U101291,2020-11-25,Araucanía,,organico,true,1,32
U103461,13-11-2022,Bío Bío,Rancagua,email,true,1,44
U102944,2025-02-15,BIOBIO,Viña del Mar,pagado,true,1,45
U100109,2026-01-20,Tarapacá,Puerto Montt,email,true,1,63
U103573,2020-08-11,Los Lagos,Las Condes,pagado,true,0,21
U102126,2021-10-06,los lagos,Temuco,pagado,true,,45
U101407,2021-10-12,Araucania,La Florida,referido,true,,43
U101251,18/09/2021,LOS LAGOS,Antofagasta,organico,true,1,62
U102725,29-12-2025,Del Maule,Talca,organico,true,,45
U102323,2025-03-18,V region,Antofagasta,directo,true,1,73
U101379,21-05-2025,BIOBIO,San Miguel,directo,true,,70
U101626,26-12-2021,Valparaíso,Puerto Montt,organico,true,1,39
U102153,2024-04-02,Valparaíso,Puente Alto,directo,true,1,72
U102307,2019-03-12,antofagasta,Santiago,organico,true,0,66
U100618,2022-07-10,Maule,La Florida,referido,true,,66
U102340,2022-05-16,Maule,San Miguel,directo,false,1,31
U100844,2019-12-08,V region,Santiago,organico,true,,54
U101366,2025-09-22,los lagos,San Miguel,directo,true,1,53
U100496,01-08-2024,R. Metropolitana,La Serena,pagado,,1,48
U102322,2025-04-11,Valparaíso,La Serena,referido,true,0,28
U101378,2024-05-11,Antofagasta,Talca,,true,0,56
U101524,2025-12-25,Los Lagos,Providencia,pagado,true,1,67
U100896,2019-04-21,Bío Bío,Quilpué,pagado,true,1,45
U100148,2022-06-15,antofagasta,Concepción,organico,true,1,34
U102913,2025-02-12,Coquimbo,Providencia,organico,true,1,73
U102003,18/03/2021,RM,Viña del Mar,UNKNOWN,true,0,36
U100059,20-09-2019,Region Metropolitana,Quilpué,pagado,true,,41
U102464,2021-11-18,Tarapaca,,organico,false,0,33
U103851,2020-09-03,Biobio,Santiago,pagado,false,0,65
U101455,2023-01-01,Bio-Bio,Iquique,pagado,true,1,
U100363,2024-04-06,Los Lagos,Santiago,,true,,0
U101959,2020-12-16,Antofagasta,San Miguel,UNKNOWN,true,1,36
U102582,17-04-2026,Araucanía,,directo,true,1,68
U100979,09/10/2022,antofagasta,Viña del Mar,organico,true,1,41
U101192,2020-04-18,Tarapaca,Puerto Montt,pagado,true,1,21
U101309,2019-02-07,Antofagasta,San Miguel,pagado,true,1,47
U101469,2022-03-03,Region Metropolitana,Antofagasta,organico,true,1,18
U103370,21-11-2025,Metropolitana,Santiago,,false,1,55
U103786,2022-04-22,maule,Providencia,pagado,true,0,999
U103056,2022-02-01,Valparaiso,La Florida,email,true,1,25
U103614,2021-03-27,Maule,Viña del Mar,pagado,true,1,0
U101817,2020-10-25,Antofagasta,Puente Alto,organico,true,0,59
U100755,2020-11-28,Libertador B. O'Higgins,Viña del Mar,directo,true,1,49
U102181,2024-11-12,Antofagasta,Ñuñoa,UNKNOWN,true,,26
U101054,2020-06-09,O'Higgins,Temuco,organico,true,,42
U101573,18-12-2022,Araucania,Temuco,organico,true,0,40
U100708,09-06-2020,Araucania,Quilpué,email,true,1,31
U102924,2024-01-02,O'Higgins,Maipú,pagado,true,,68
U103823,2024-04-10,La Araucania,Puente Alto,organico,true,1,0
U103354,2023-09-08,Region Metropolitana,Santiago,directo,true,,19
U101641,2025-06-02,Bio-Bio,Temuco,pagado,true,0,67
U101311,07/04/2024,Araucania,La Florida,referido,true,,53
U101490,2023-05-07,V region,Las Condes,pagado,true,0,56
U103504,2026-01-26,Araucanía,Iquique,pagado,true,1,21
U103866,2025-03-19,Araucanía,San Miguel,pagado,true,0,51
U102760,14/09/2020,Del Maule,Viña del Mar,organico,true,1,68
U102640,01-11-2023,Libertador B. O'Higgins,Iquique,directo,,0,47
U103003,2023-07-24,VALPARAISO,Concepción,email,true,1,35
U101454,2020-06-05,Los Lagos,,,,1,34
U100135,18/06/2025,Los Lagos,La Florida,directo,true,,54
U100602,02/06/2025,La Araucania,La Florida,organico,true,1,59
U103519,2022-05-14,antofagasta,Puente Alto,directo,,1,22
U102514,11/05/2021,VALPARAISO,Santiago,organico,true,0,63
U103077,2022-10-31,Metropolitana,Ñuñoa,email,true,1,43
U101185,2025-05-19,Bio-Bio,Maipú,email,true,0,23
U101846,2025-12-07,Libertador B. O'Higgins,Puente Alto,directo,true,1,41
U101427,2022-12-08,Valparaíso,Santiago,organico,true,1,40
U103871,2021-02-16,Metropolitana,Viña del Mar,pagado,true,1,39
U100228,2021-07-08,Ohiggins,Talca,email,true,,0
U103487,2019-01-30,O'Higgins,La Florida,email,false,1,49
U102317,2021-10-21,COQUIMBO,Iquique,email,true,0,32
U102762,16/01/2025,metropolitana,Talca,pagado,true,0,67
U100394,2025-08-22,Los Lagos,Quilpué,directo,true,1,30
U103263,2020-09-28,Maule,,organico,true,0,18
U103607,20-08-2021,los lagos,Puente Alto,pagado,true,0,23
U102753,2021-12-17,Maule,Talca,referido,true,0,21
U102600,26-02-2026,Ohiggins,Ñuñoa,pagado,true,1,32
U103239,2023-01-11,Metropolitana,Concepción,pagado,true,0,51
U100444,30/06/2025,BIOBIO,Antofagasta,directo,true,,32
U100642,03-05-2026,Libertador B. O'Higgins,Concepción,organico,true,1,73
U100080,2019-03-06,Región Metropolitana,Santiago,directo,true,,37
U102656,2019-12-12,Metropolitana,Rancagua,directo,true,,74
U102338,2020-09-23,Bío Bío,Antofagasta,pagado,true,1,26
U101487,01/01/2021,V region,Quilpué,organico,true,1,41
U101019,2021-04-29,LOS LAGOS,Temuco,organico,false,,54
U102942,09/11/2021,Bío Bío,,pagado,true,1,21
U103982,2024-07-13,Los Lagos,Talca,directo,true,1,31
U103036,2021-11-02,Tarapacá,Maipú,pagado,true,1,
U101792,11/12/2021,antofagasta,Rancagua,referido,true,,56
U101828,2025-06-24,COQUIMBO,Concepción,pagado,true,0,72
U101222,2025-02-04,COQUIMBO,Puerto Montt,email,true,0,71
U101653,05-08-2024,Antofagasta,Maipú,UNKNOWN,true,1,36
U101658,2025-02-17,Araucanía,Quilpué,UNKNOWN,true,1,25
U101231,2023-02-03,Ohiggins,Talca,email,true,,55
U100447,2021-11-30,O'Higgins,Viña del Mar,organico,true,1,66
U103984,2024-10-12,Araucanía,Puerto Montt,pagado,true,1,-7
U102543,2024-08-22,Región Metropolitana,Maipú,referido,true,1,40
U100859,2022-04-28,maule,Las Condes,email,true,1,64
U102424,2025-04-08,Coquimbo,Antofagasta,organico,true,0,59
U103348,2020-08-25,COQUIMBO,Las Condes,directo,true,1,72
U101943,2026-11-24,Tarapacá,Providencia,organico,true,0,66
U100281,2020-03-09,Tarapaca,,organico,true,1,63
U101202,2023-04-20,La Araucania,Maipú,organico,true,,46
U101206,2025-11-25,O'Higgins,Santiago,organico,true,1,36
U103124,2023-03-02,V region,San Miguel,organico,true,,22
U100335,2024-02-27,maule,,organico,true,1,50
U100976,2024-10-14,Maule,La Florida,organico,true,1,69
U100415,2024-10-10,LOS LAGOS,Providencia,organico,true,,58
U101456,2020-07-03,La Araucania,Talca,directo,true,1,31
U103088,2021-01-20,LOS LAGOS,Las Condes,organico,,1,40
U102820,2023-06-26,Maule,Puente Alto,UNKNOWN,true,1,31
U101180,2022-04-27,Region Metropolitana,,pagado,true,0,50
U102238,27/01/2019,COQUIMBO,,organico,true,1,48
U100796,04/11/2019,RM,Talca,directo,true,1,62
U101191,2022-03-01,Los Lagos,Santiago,directo,true,0,68
U101813,2019-12-27,V region,La Florida,organico,true,1,29
U101339,25/01/2024,Antofagasta,Antofagasta,pagado,true,1,36
U100592,2022-09-26,Tarapacá,Antofagasta,organico,true,1,22
U103014,13-12-2021,COQUIMBO,Quilpué,directo,true,0,42
U101437,2025-04-28,La Araucania,Rancagua,pagado,true,0,47
U101941,2021-02-04,Valparaíso,La Serena,directo,true,1,67
U103078,2022-01-12,Coquimbo,Providencia,directo,true,,0
U103134,2024-03-20,R. Metropolitana,Antofagasta,referido,true,1,49
U102530,28/06/2022,Araucanía,Providencia,email,true,,20
U103385,2020-10-10,Tarapacá,Quilpué,organico,true,1,19
U101722,2022-07-03,Ohiggins,Rancagua,organico,,1,23
U100032,04/08/2023,metropolitana,San Miguel,pagado,true,1,34
U103472,2019-03-22,Tarapacá,Santiago,organico,true,1,26
U102115,2023-06-11,COQUIMBO,La Florida,directo,true,,46
U103695,11/12/2021,Libertador B. O'Higgins,San Miguel,directo,true,1,68
U100986,02/09/2020,O'Higgins,Quilpué,directo,true,1,33
U100076,2026-05-12,La Araucania,Temuco,,false,0,35
U101545,2019-10-13,Tarapacá,Viña del Mar,organico,false,0,29
U102958,02-07-2026,LOS LAGOS,Temuco,pagado,true,0,55
U101966,05/06/2023,los lagos,Antofagasta,organico,true,0,31
U101297,01/03/2024,Ohiggins,San Miguel,organico,true,1,72
U101300,2024-03-24,Valparaiso,Providencia,organico,false,1,35
U103012,2024-05-23,Tarapaca,Maipú,,true,0,39
U100651,2025-07-27,Bío Bío,La Serena,organico,true,,38
U103649,19-01-2024,Tarapaca,Rancagua,directo,true,,62
U101998,2019-11-02,antofagasta,Las Condes,email,true,0,37
U103282,2024-03-26,Región Metropolitana,La Florida,directo,true,,65
U101583,2026-06-13,BIOBIO,San Miguel,pagado,true,0,35
U101855,14/06/2021,antofagasta,La Florida,pagado,true,0,25
U102896,2019-09-27,Tarapaca,Las Condes,,true,1,72
U101138,03/12/2023,O'Higgins,,directo,true,1,36
U100829,2025-10-27,Araucanía,La Florida,organico,,1,57
U101900,26/04/2020,Tarapaca,Providencia,organico,true,,63
U103629,2024-08-24,Coquimbo,Quilpué,email,true,0,59
U101971,2024-02-29,VALPARAISO,Santiago,directo,true,,66
U100646,15-11-2025,Libertador B. O'Higgins,Antofagasta,organico,,0,63
U101578,2021-12-13,Ohiggins,San Miguel,directo,true,1,50
U100760,18/03/2024,Del Maule,,pagado,true,1,18
U103454,22/07/2019,Libertador B. O'Higgins,Temuco,organico,false,0,70
U102691,2019-09-21,Tarapacá,Antofagasta,organico,true,0,40
U103288,19/03/2019,Ohiggins,Quilpué,email,true,1,42
U102499,2019-08-14,Valparaiso,Maipú,email,true,1,69
U102899,2026-06-26,maule,Providencia,pagado,true,,31
U100254,2021-03-08,BIOBIO,Talca,organico,true,0,67
U101481,2019-02-23,Araucanía,Concepción,pagado,false,1,71
U103993,2022-05-29,BIOBIO,Talca,organico,true,1,50
U102132,2023-06-07,Tarapacá,Quilpué,directo,true,,24
U100488,14/09/2023,COQUIMBO,Providencia,email,true,1,58
U103290,2025-02-15,La Araucania,Viña del Mar,directo,true,1,67
U103520,19/07/2021,Libertador B. O'Higgins,Concepción,email,true,0,37
U101791,27/07/2022,Valparaiso,Maipú,email,true,,43
U103936,2022-07-20,Antofagasta,Las Condes,organico,true,0,43
U103274,12/09/2020,VALPARAISO,Puerto Montt,pagado,,0,18
U103291,2020-07-22,BIOBIO,Puerto Montt,UNKNOWN,true,1,26
U100939,2026-06-02,Biobío,Ñuñoa,UNKNOWN,true,,69
U102384,2021-03-15,O'Higgins,,directo,true,1,20
U102827,2024-07-12,LOS LAGOS,La Serena,email,true,1,73
U101106,2022-09-07,O'Higgins,Santiago,organico,true,1,31
U100881,13-12-2022,Araucanía,Quilpué,UNKNOWN,false,1,
U102800,21-09-2024,Tarapaca,Puerto Montt,pagado,true,0,56
U103060,2024-11-08,Araucania,Maipú,UNKNOWN,true,1,72
U101310,2020-03-31,Coquimbo,Maipú,organico,true,1,61
U102710,24-03-2022,Coquimbo,Providencia,pagado,true,1,68
U100430,2024-09-11,antofagasta,La Florida,directo,true,,36
U101593,2019-12-19,Bio-Bio,Ñuñoa,pagado,true,0,47
U101565,2021-02-16,Valparaiso,Santiago,organico,true,,43
U102900,16/12/2019,Los Lagos,Rancagua,organico,,1,34
U102840,2020-08-16,Antofagasta,Rancagua,,true,1,23
U101631,2023-09-26,RM,Ñuñoa,directo,true,0,39
U102357,2025-12-17,COQUIMBO,Providencia,organico,true,0,27
U103204,2021-07-15,Coquimbo,,referido,false,0,-38
U100050,2019-07-24,metropolitana,Rancagua,email,true,,27
U102113,2020-11-24,Valparaiso,,organico,true,,57
U102012,2025-09-08,Valparaíso,San Miguel,organico,,0,27
U101124,2022-09-17,COQUIMBO,Puente Alto,directo,true,,61
U103906,09/09/2024,Araucania,Providencia,email,true,0,66
U100483,2020-01-17,RM,Rancagua,pagado,true,,56
U100823,2023-07-23,VALPARAISO,Quilpué,email,true,0,50
U103934,18-06-2020,COQUIMBO,Talca,directo,,1,18
U103205,2021-09-28,Araucania,Iquique,pagado,true,1,45
U102131,18-03-2025,Coquimbo,Ñuñoa,directo,true,1,72
U103998,2026-01-23,Los Lagos,Quilpué,organico,true,1,24
U103560,28-04-2019,La Araucania,Quilpué,organico,true,1,41
U102341,2021-01-30,maule,Antofagasta,pagado,true,1,
U102533,2024-02-05,LOS LAGOS,Viña del Mar,organico,true,0,28
U102493,2020-10-10,Valparaiso,Iquique,directo,true,,19
U100466,2024-11-09,Region Metropolitana,Ñuñoa,organico,true,1,57
U101112,2019-11-10,O'Higgins,Temuco,directo,true,1,41
U101159,2025-04-02,Región Metropolitana,Concepción,organico,true,0,27
U103113,2024-07-03,los lagos,Providencia,directo,true,0,23
U102027,16/01/2020,Bio-Bio,Iquique,organico,true,1,21
U101157,2021-09-16,Araucanía,Ñuñoa,email,false,,37
U100229,2021-11-13,Coquimbo,Santiago,organico,true,0,-37
U103120,11-03-2025,Tarapaca,Talca,organico,true,1,61
U100020,2023-04-30,Del Maule,La Florida,directo,true,,53
U102666,2025-09-26,Araucanía,Las Condes,pagado,true,1,
U103525,2020-09-09,Maule,,organico,true,0,
U102583,2020-12-25,Biobío,Santiago,organico,true,,54
U102352,2026-02-04,maule,Puerto Montt,pagado,true,,43
U103386,2024-05-02,LOS LAGOS,Viña del Mar,organico,true,1,44
U100217,2019-07-26,Valparaíso,Temuco,organico,true,0,55
U102260,2019-07-13,COQUIMBO,Santiago,organico,true,0,45
U100070,06-11-2023,Maule,Talca,organico,true,1,43
U101430,31-07-2024,maule,Viña del Mar,referido,true,0,39
U103595,2019-10-30,Libertador B. O'Higgins,Ñuñoa,organico,true,0,55
U103878,20/01/2019,COQUIMBO,,email,false,1,22
U103947,2020-11-14,Coquimbo,La Serena,pagado,true,,42
U101144,2026-01-10,Libertador B. O'Higgins,Antofagasta,pagado,true,,65
U100103,2025-01-21,Region Metropolitana,Antofagasta,pagado,true,,38
U102763,2025-03-18,Tarapacá,Santiago,directo,false,1,38
U103277,2021-05-06,Tarapacá,Rancagua,organico,true,1,62
U101307,27-12-2025,Bío Bío,Concepción,pagado,true,1,0
U102568,2019-06-04,Maule,Talca,organico,,1,35
U102573,2021-11-29,O'Higgins,,pagado,false,,48
U100970,2020-12-24,los lagos,Providencia,directo,true,,74
U100843,2024-07-23,Araucania,Antofagasta,email,true,1,63
U102360,10-04-2019,Maule,Iquique,UNKNOWN,true,1,57
U102099,2023-11-08,VALPARAISO,Talca,directo,true,1,
U100276,2026-07-07,Valparaiso,Concepción,organico,true,0,40
U102500,2024-07-18,Bío Bío,Puente Alto,email,true,1,57
U101156,2019-01-14,COQUIMBO,Providencia,,true,1,22
U102819,2024-04-25,Ohiggins,,UNKNOWN,true,1,50
U102940,2022-03-07,los lagos,Temuco,organico,true,1,54
U100557,2022-07-23,Biobío,Antofagasta,organico,true,1,49
U103019,2019-09-19,COQUIMBO,Quilpué,referido,true,0,
U100252,2023-05-21,Del Maule,Las Condes,organico,true,1,71
U102660,2022-06-03,Del Maule,Talca,pagado,true,0,72
U102867,19/02/2026,Coquimbo,La Florida,organico,true,1,
U101780,2022-10-10,los lagos,Puente Alto,organico,true,,24
U101370,26-12-2020,V region,Concepción,UNKNOWN,true,1,74
U103488,2021-05-30,Coquimbo,San Miguel,UNKNOWN,true,0,21
U100636,2025-01-29,COQUIMBO,Santiago,organico,true,0,18
U100260,01-03-2020,COQUIMBO,Santiago,email,,,
U100399,2024-07-14,Bío Bío,Concepción,directo,true,1,47
U103971,2026-04-02,Bío Bío,Viña del Mar,,true,0,43
U103404,2023-11-22,O'Higgins,Ñuñoa,directo,true,,43
U101894,2024-09-29,Maule,Talca,,true,0,32
U100490,2021-04-02,Antofagasta,Ñuñoa,pagado,true,1,58
U102685,01/06/2023,Araucanía,La Florida,pagado,true,0,51
U103309,2022-09-29,Valparaíso,La Serena,UNKNOWN,true,1,38
U101737,27/02/2019,Tarapacá,Temuco,pagado,true,,20
U102108,2024-09-08,Los Lagos,Santiago,email,true,1,68
U102266,2021-12-31,Tarapaca,Providencia,pagado,true,1,74
U101058,2025-05-17,COQUIMBO,Maipú,directo,true,0,58
U102467,24-08-2025,Tarapacá,Puerto Montt,organico,true,,60
U101542,30-10-2020,Tarapaca,Santiago,organico,true,1,36
U102324,2019-09-09,Del Maule,Quilpué,organico,true,1,66
U100129,2023-03-09,Maule,San Miguel,directo,true,1,43
U103584,2019-03-14,Valparaiso,Ñuñoa,referido,true,1,39
U100842,2019-08-09,LOS LAGOS,Quilpué,email,true,0,49
U102757,18/02/2022,Biobío,La Florida,pagado,true,0,39
U103577,30-04-2020,Coquimbo,Puente Alto,email,,,33
U103888,06-05-2023,Los Lagos,La Florida,pagado,false,1,64
U100643,02/01/2024,Los Lagos,Antofagasta,organico,true,1,42
U102895,2025-10-27,Antofagasta,Antofagasta,directo,true,1,60
U103155,2022-07-06,Araucanía,Rancagua,organico,true,,36
U102405,03-12-2025,Bío Bío,,pagado,true,1,61
U101165,2022-04-07,LOS LAGOS,Providencia,directo,true,0,49
U101629,31-01-2026,Antofagasta,Providencia,organico,false,0,19
U101489,21-10-2023,Coquimbo,San Miguel,pagado,true,1,28
U100240,2022-12-27,O'Higgins,Talca,email,false,1,35
U103549,2024-05-04,maule,Talca,pagado,true,1,56
U100576,2024-12-26,Valparaíso,San Miguel,pagado,false,,69
U102087,2022-08-04,Tarapaca,Las Condes,,true,1,73
U102179,2025-11-01,Valparaíso,Antofagasta,organico,true,0,35
U100862,2023-01-26,Los Lagos,Antofagasta,,true,,50
U103249,2021-04-19,LOS LAGOS,Puerto Montt,organico,true,1,43
U101050,2025-06-12,Los Lagos,Viña del Mar,organico,true,1,19
U102629,2019-10-21,Los Lagos,,organico,true,1,37
U101495,2026-06-24,Valparaiso,Puente Alto,directo,true,1,67
U102829,2024-03-21,La Araucania,Ñuñoa,email,true,,56
U102912,2022-01-31,antofagasta,Iquique,,,0,68
U103683,17-01-2023,La Araucania,Quilpué,UNKNOWN,true,1,54
U101359,15/01/2023,V region,Temuco,email,true,1,68
U100813,2022-12-13,COQUIMBO,,pagado,true,1,999
U103449,2025-03-11,antofagasta,San Miguel,UNKNOWN,true,,30
U101803,2020-04-21,V region,Temuco,UNKNOWN,true,1,50
U100671,2019-06-25,R. Metropolitana,Concepción,pagado,true,,20
U101466,2019-11-23,Biobio,Iquique,organico,true,1,19
U103316,2021-03-27,Bío Bío,Antofagasta,pagado,true,1,51
U101342,2023-06-20,Bío Bío,La Florida,organico,true,1,
